EmployeeNumber,Age,Gender,Department,JobRole,BusinessTravel,EducationField,MonthlyIncome,YearsAtCompany,YearsSinceLastPromotion,YearsWithCurrManager,JobSatisfaction,EnvironmentSatisfaction,WorkLifeBalance,Attrition,Age_Group,Salary_Category,Attrition_Flag
1,41,Female,Sales,"Sales Executive",Travel_Rarely,"Life Sciences",5993,6,0,5,4,2,1,Yes,40+,"Medium Salary",1
2,49,Male,"Research & Development","Research Scientist",Travel_Frequently,"Life Sciences",5130,10,1,7,2,3,3,No,40+,"Medium Salary",0
4,37,Male,"Research & Development","Laboratory Technician",Travel_Rarely,Other,2090,0,0,0,3,4,3,Yes,30-40,"Low Salary",1
5,33,Female,"Research & Development","Research Scientist",Travel_Frequently,"Life Sciences",2909,8,3,0,3,4,3,No,30-40,"Low Salary",0
7,27,Male,"Research & Development","Laboratory Technician",Travel_Rarely,Medical,3468,2,2,2,2,1,3,No,"Under 30","Low Salary",0
8,32,Male,"Research & Development","Laboratory Technician",Travel_Frequently,"Life Sciences",3068,7,3,6,4,4,2,No,30-40,"Low Salary",0
10,59,Female,"Research & Development","Laboratory Technician",Travel_Rarely,Medical,2670,1,0,0,1,3,2,No,40+,"Low Salary",0
11,30,Male,"Research & Development","Laboratory Technician",Travel_Rarely,"Life Sciences",2693,1,0,0,3,4,3,No,30-40,"Low Salary",0
12,38,Male,"Research & Development","Manufacturing Director",Travel_Frequently,"Life Sciences",9526,9,1,8,3,4,3,No,30-40,"Medium Salary",0
13,36,Male,"Research & Development","Healthcare Representative",Travel_Rarely,Medical,5237,7,7,7,3,3,2,No,30-40,"Medium Salary",0
14,35,Male,"Research & Development","Laboratory Technician",Travel_Rarely,Medical,2426,5,0,3,2,1,3,No,30-40,"Low Salary",0
15,29,Female,"Research & Development","Laboratory Technician",Travel_Rarely,"Life Sciences",4193,9,0,8,3,4,3,No,"Under 30","Low Salary",0
16,31,Male,"Research & Development","Research Scientist",Travel_Rarely,"Life Sciences",2911,5,4,3,3,1,2,No,30-40,"Low Salary",0
18,34,Male,"Research & Development","Laboratory Technician",Travel_Rarely,Medical,2661,2,1,2,4,2,3,No,30-40,"Low Salary",0
19,28,Male,"Research & Development","Laboratory Technician",Travel_Rarely,"Life Sciences",2028,4,0,3,3,3,3,Yes,"Under 30","Low Salary",1
20,29,Female,"Research & Development","Manufacturing Director",Travel_Rarely,"Life Sciences",9980,10,8,8,1,2,3,No,"Under 30","Medium Salary",0
21,32,Male,"Research & Development","Research Scientist",Travel_Rarely,"Life Sciences",3298,6,0,5,2,1,2,No,30-40,"Low Salary",0
22,22,Male,"Research & Development","Laboratory Technician",Non-Travel,Medical,2935,1,0,0,4,4,2,No,"Under 30","Low Salary",0
23,53,Female,Sales,Manager,Travel_Rarely,"Life Sciences",15427,25,3,7,4,1,3,No,40+,"High Salary",0
24,38,Male,"Research & Development","Research Scientist",Travel_Rarely,"Life Sciences",3944,3,1,2,4,4,3,No,30-40,"Low Salary",0
26,24,Female,"Research & Development","Manufacturing Director",Non-Travel,Other,4011,4,1,3,3,1,2,No,"Under 30","Low Salary",0
27,36,Male,Sales,"Sales Representative",Travel_Rarely,"Life Sciences",3407,5,0,3,1,3,3,Yes,30-40,"Low Salary",1
28,34,Female,"Research & Development","Research Director",Travel_Rarely,"Life Sciences",11994,12,2,11,2,1,3,No,30-40,"High Salary",0
30,21,Male,"Research & Development","Research Scientist",Travel_Rarely,"Life Sciences",1232,0,0,0,4,3,3,No,"Under 30","Low Salary",0
31,34,Male,"Research & Development","Research Scientist",Travel_Rarely,Medical,2960,4,1,3,1,2,3,Yes,30-40,"Low Salary",1
32,53,Female,"Research & Development",Manager,Travel_Rarely,Other,19094,14,4,8,3,3,2,No,40+,"High Salary",0
33,32,Female,"Research & Development","Research Scientist",Travel_Frequently,"Life Sciences",3919,10,6,7,1,2,3,Yes,30-40,"Low Salary",1
35,42,Male,Sales,"Sales Executive",Travel_Rarely,Marketing,6825,9,4,2,2,3,3,No,40+,"Medium Salary",0
36,44,Female,"Research & Development","Healthcare Representative",Travel_Rarely,Medical,10248,22,5,17,4,1,3,No,40+,"High Salary",0
38,46,Female,Sales,Manager,Travel_Rarely,Marketing,18947,2,2,1,1,2,2,No,40+,"High Salary",0
39,33,Male,"Research & Development","Laboratory Technician",Travel_Rarely,Medical,2496,1,0,0,4,3,3,No,30-40,"Low Salary",0
40,44,Male,"Research & Development","Healthcare Representative",Travel_Rarely,Other,6465,4,1,3,4,4,4,No,40+,"Medium Salary",0
41,30,Male,"Research & Development","Laboratory Technician",Travel_Rarely,Medical,2206,10,1,8,3,4,3,No,30-40,"Low Salary",0
42,39,Male,Sales,"Sales Representative",Travel_Rarely,"Technical Degree",2086,1,0,0,4,4,4,Yes,30-40,"Low Salary",1
45,24,Male,"Research & Development","Research Scientist",Travel_Rarely,Medical,2293,2,2,0,4,2,2,Yes,"Under 30","Low Salary",1
46,43,Female,"Research & Development","Research Scientist",Travel_Rarely,Medical,2645,5,1,4,3,4,2,No,40+,"Low Salary",0
47,50,Male,Sales,"Sales Representative",Travel_Rarely,Marketing,2683,3,0,2,3,1,3,Yes,40+,"Low Salary",1
49,35,Female,Sales,"Sales Representative",Travel_Rarely,Marketing,2014,2,2,2,4,4,3,No,30-40,"Low Salary",0
51,36,Female,"Research & Development","Research Scientist",Travel_Rarely,"Life Sciences",3419,1,0,0,1,2,4,No,30-40,"Low Salary",0
52,33,Female,Sales,"Sales Executive",Travel_Frequently,"Life Sciences",5376,5,1,3,1,3,3,No,30-40,"Medium Salary",0
53,35,Male,"Research & Development","Laboratory Technician",Travel_Rarely,Other,1951,1,0,0,4,3,3,No,30-40,"Low Salary",0
54,27,Female,"Research & Development","Laboratory Technician",Travel_Rarely,"Life Sciences",2341,1,0,0,1,4,3,No,"Under 30","Low Salary",0
55,26,Male,"Research & Development","Laboratory Technician",Travel_Rarely,"Life Sciences",2293,1,0,1,3,1,2,Yes,"Under 30","Low Salary",1
56,27,Male,Sales,"Sales Executive",Travel_Frequently,"Life Sciences",8726,9,1,7,3,4,3,No,"Under 30","Medium Salary",0
57,30,Female,"Research & Development","Laboratory Technician",Travel_Frequently,Medical,4011,12,3,7,4,3,3,No,30-40,"Low Salary",0
58,41,Female,"Research & Development","Research Director",Travel_Rarely,"Technical Degree",19545,22,15,8,3,2,3,Yes,40+,"High Salary",1
60,34,Male,Sales,"Sales Executive",Non-Travel,Marketing,4568,9,8,7,3,2,3,No,30-40,"Low Salary",0
61,37,Male,"Research & Development","Research Scientist",Travel_Rarely,"Life Sciences",3022,1,0,0,2,2,3,No,30-40,"Low Salary",0
62,46,Male,Sales,"Sales Executive",Travel_Frequently,Marketing,5772,9,0,8,4,1,3,No,40+,"Medium Salary",0
63,35,Male,"Research & Development","Laboratory Technician",Travel_Rarely,"Life Sciences",2269,1,0,1,4,4,3,No,30-40,"Low Salary",0
64,48,Male,"Research & Development","Laboratory Technician",Travel_Rarely,"Life Sciences",5381,1,0,0,3,1,3,Yes,40+,"Medium Salary",1
65,28,Male,"Research & Development","Laboratory Technician",Travel_Rarely,"Technical Degree",3441,2,2,2,3,3,2,Yes,"Under 30","Low Salary",1
68,44,Female,Sales,"Sales Executive",Travel_Rarely,Marketing,5454,4,1,3,1,2,2,No,40+,"Medium Salary",0
70,35,Male,"Research & Development","Healthcare Representative",Non-Travel,Medical,9884,4,2,3,1,3,3,No,30-40,"Medium Salary",0
72,26,Female,Sales,"Sales Executive",Travel_Rarely,Marketing,4157,2,0,0,4,3,2,No,"Under 30","Low Salary",0
73,33,Female,"Research & Development","Research Director",Travel_Frequently,"Life Sciences",13458,15,8,12,4,1,3,No,30-40,"High Salary",0
74,35,Male,Sales,"Sales Executive",Travel_Frequently,"Life Sciences",9069,9,1,8,1,2,2,No,30-40,"Medium Salary",0
75,35,Female,"Research & Development","Laboratory Technician",Travel_Rarely,Medical,4014,2,2,2,1,3,3,No,30-40,"Low Salary",0
76,31,Male,"Research & Development","Laboratory Technician",Travel_Rarely,"Life Sciences",5915,7,1,7,4,4,2,No,30-40,"Medium Salary",0
77,37,Male,"Research & Development","Manufacturing Director",Travel_Rarely,"Life Sciences",5993,7,0,7,3,1,4,No,30-40,"Medium Salary",0
78,32,Male,"Research & Development","Manufacturing Director",Travel_Rarely,Medical,6162,9,7,8,4,1,3,No,30-40,"Medium Salary",0
79,38,Female,"Research & Development","Laboratory Technician",Travel_Frequently,"Life Sciences",2406,10,9,9,4,4,3,No,30-40,"Low Salary",0
80,50,Female,"Research & Development","Research Director",Travel_Rarely,Medical,18740,27,13,8,3,2,2,No,40+,"High Salary",0
81,59,Female,Sales,"Sales Executive",Travel_Rarely,"Life Sciences",7637,21,7,9,1,1,2,No,40+,"Medium Salary",0
83,36,Female,"Research & Development","Healthcare Representative",Travel_Rarely,"Technical Degree",10096,17,12,8,3,3,3,No,30-40,"High Salary",0
84,55,Female,"Research & Development",Manager,Travel_Rarely,Medical,14756,5,0,2,3,4,3,No,40+,"High Salary",0
85,36,Male,"Research & Development","Manufacturing Director",Travel_Frequently,"Life Sciences",6499,6,0,3,2,2,3,No,30-40,"Medium Salary",0
86,45,Male,"Research & Development","Research Scientist",Travel_Rarely,"Life Sciences",9724,1,0,0,1,2,3,No,40+,"Medium Salary",0
88,35,Male,"Research & Development","Research Scientist",Travel_Frequently,Medical,2194,3,1,2,1,2,2,No,30-40,"Low Salary",0
90,36,Male,"Research & Development","Research Scientist",Travel_Rarely,Medical,3388,1,0,0,3,4,2,Yes,30-40,"Low Salary",1
91,59,Female,Sales,"Sales Executive",Travel_Frequently,"Life Sciences",5473,4,1,3,3,1,2,No,40+,"Medium Salary",0
94,29,Male,"Research & Development","Research Scientist",Travel_Rarely,"Life Sciences",2703,5,0,4,2,3,3,No,"Under 30","Low Salary",0
95,31,Male,"Research & Development","Research Scientist",Travel_Rarely,Medical,2501,1,1,0,2,3,3,No,30-40,"Low Salary",0
96,32,Male,"Research & Development","Research Scientist",Travel_Rarely,"Life Sciences",6220,10,0,9,2,2,3,No,30-40,"Medium Salary",0
97,36,Female,"Research & Development","Laboratory Technician",Travel_Rarely,"Life Sciences",3038,1,0,0,4,2,3,No,30-40,"Low Salary",0
98,31,Female,"Research & Development","Manufacturing Director",Travel_Rarely,"Life Sciences",4424,11,1,8,4,3,3,No,30-40,"Low Salary",0
100,35,Male,Sales,"Sales Executive",Travel_Rarely,Marketing,4312,15,2,8,1,3,3,No,30-40,"Low Salary",0
101,45,Male,"Research & Development","Research Director",Travel_Rarely,Other,13245,0,0,0,1,4,4,No,40+,"High Salary",0
102,37,Male,"Research & Development","Research Director",Travel_Rarely,Medical,13664,5,0,2,3,1,4,No,30-40,"High Salary",0
103,46,Male,"Human Resources","Human Resources",Travel_Rarely,Medical,5021,4,0,2,2,2,3,No,40+,"Medium Salary",0
104,30,Male,"Research & Development","Laboratory Technician",Travel_Rarely,"Life Sciences",5126,10,3,0,4,4,2,No,30-40,"Medium Salary",0
105,35,Male,"Research & Development","Research Scientist",Travel_Rarely,Medical,2859,6,0,4,3,2,3,No,30-40,"Low Salary",0
106,55,Male,Sales,"Sales Executive",Travel_Rarely,"Life Sciences",10239,1,1,0,4,1,3,No,40+,"High Salary",0
107,38,Female,"Research & Development","Research Scientist",Non-Travel,Medical,5329,13,1,9,4,2,3,No,30-40,"Medium Salary",0
110,34,Male,"Research & Development","Manufacturing Director",Travel_Rarely,Medical,4325,5,1,3,2,1,3,No,30-40,"Low Salary",0
112,56,Male,"Research & Development","Manufacturing Director",Travel_Rarely,"Life Sciences",7260,6,0,2,4,4,2,No,40+,"Medium Salary",0
113,23,Male,Sales,"Sales Representative",Travel_Rarely,"Technical Degree",2322,0,0,0,1,3,3,No,"Under 30","Low Salary",0
116,51,Male,"Research & Development","Laboratory Technician",Travel_Rarely,"Life Sciences",2075,4,0,3,4,4,3,No,40+,"Low Salary",0
117,30,Male,"Research & Development","Healthcare Representative",Travel_Rarely,"Life Sciences",4152,11,10,8,4,3,3,No,30-40,"Low Salary",0
118,46,Male,Sales,"Sales Executive",Travel_Rarely,Medical,9619,9,4,7,4,3,3,Yes,40+,"Medium Salary",1
119,40,Male,"Research & Development","Healthcare Representative",Travel_Frequently,"Life Sciences",13503,22,11,11,2,3,2,No,30-40,"High Salary",0
120,51,Male,Sales,"Sales Executive",Travel_Rarely,Marketing,5441,10,1,0,4,3,1,No,40+,"Medium Salary",0
121,30,Female,Sales,"Sales Executive",Travel_Rarely,Medical,5209,11,2,7,2,3,2,No,30-40,"Medium Salary",0
124,46,Male,"Research & Development","Healthcare Representative",Travel_Frequently,Medical,10673,10,9,5,1,3,2,No,40+,"High Salary",0
125,32,Male,Sales,"Sales Executive",Travel_Rarely,Medical,5010,11,5,7,3,2,3,No,30-40,"Medium Salary",0
126,54,Female,"Research & Development","Research Director",Travel_Rarely,"Technical Degree",13549,4,0,3,3,1,1,No,40+,"High Salary",0
128,24,Female,Sales,"Sales Executive",Travel_Rarely,Other,4999,3,0,2,3,1,2,No,"Under 30","Low Salary",0
129,28,Male,Sales,"Sales Executive",Non-Travel,Medical,4221,5,0,4,3,2,4,No,"Under 30","Low Salary",0
131,58,Male,Sales,"Sales Executive",Travel_Rarely,Medical,13872,37,1,8,3,4,2,No,40+,"High Salary",0
132,44,Male,"Research & Development","Laboratory Technician",Non-Travel,Medical,2042,3,1,2,2,2,4,No,40+,"Low Salary",0
133,37,Male,"Human Resources","Human Resources",Travel_Rarely,"Human Resources",2073,3,0,2,1,3,3,Yes,30-40,"Low Salary",1
134,32,Male,"Research & Development","Research Scientist",Travel_Rarely,"Life Sciences",2956,1,0,0,1,4,3,No,30-40,"Low Salary",0
137,20,Female,"Research & Development","Laboratory Technician",Travel_Frequently,"Life Sciences",2926,1,1,0,4,4,3,Yes,"Under 30","Low Salary",1
138,34,Female,"Research & Development","Research Scientist",Travel_Rarely,Other,4809,16,2,10,3,1,3,No,30-40,"Low Salary",0
139,37,Male,"Research & Development","Healthcare Representative",Non-Travel,"Life Sciences",5163,1,0,0,4,3,4,No,30-40,"Medium Salary",0
140,59,Female,"Human Resources",Manager,Non-Travel,"Human Resources",18844,3,2,2,4,3,3,No,40+,"High Salary",0
141,50,Female,"Research & Development","Research Director",Travel_Frequently,"Life Sciences",18172,8,0,7,2,1,2,No,40+,"High Salary",0
142,25,Male,Sales,"Sales Executive",Travel_Rarely,Marketing,5744,6,0,3,3,3,3,Yes,"Under 30","Medium Salary",1
143,25,Male,"Research & Development","Research Scientist",Travel_Rarely,Medical,2889,2,2,1,4,4,3,No,"Under 30","Low Salary",0
144,22,Female,"Research & Development","Laboratory Technician",Travel_Rarely,Medical,2871,0,0,0,4,2,3,No,"Under 30","Low Salary",0
145,51,Female,"Research & Development","Healthcare Representative",Travel_Frequently,Medical,7484,13,12,8,1,1,2,No,40+,"Medium Salary",0
147,34,Male,"Research & Development","Laboratory Technician",Travel_Frequently,"Life Sciences",6074,9,0,6,3,1,3,Yes,30-40,"Medium Salary",1
148,54,Female,"Human Resources",Manager,Non-Travel,"Human Resources",17328,5,4,4,4,4,3,No,40+,"High Salary",0
150,24,Male,"Research & Development","Laboratory Technician",Travel_Rarely,"Life Sciences",2774,5,1,2,3,2,3,No,"Under 30","Low Salary",0
151,34,Female,"Research & Development","Research Scientist",Travel_Rarely,"Life Sciences",4505,1,0,0,2,3,3,No,30-40,"Low Salary",0
152,37,Male,Sales,"Sales Executive",Travel_Rarely,"Life Sciences",7428,5,1,3,4,3,3,No,30-40,"Medium Salary",0
153,34,Female,"Research & Development",Manager,Travel_Rarely,Medical,11631,11,5,8,1,3,3,No,30-40,"High Salary",0
154,36,Female,Sales,"Sales Executive",Travel_Frequently,"Technical Degree",9738,9,2,8,4,2,3,No,30-40,"Medium Salary",0
155,36,Female,"Research & Development","Laboratory Technician",Travel_Rarely,"Life Sciences",2835,1,0,0,4,1,3,No,30-40,"Low Salary",0
158,43,Male,Sales,Manager,Travel_Frequently,"Life Sciences",16959,25,4,12,4,3,4,No,40+,"High Salary",0
159,30,Male,"Research & Development","Research Scientist",Travel_Frequently,"Life Sciences",2613,10,0,9,3,1,2,No,30-40,"Low Salary",0
160,33,Male,Sales,"Sales Executive",Non-Travel,Marketing,6146,7,0,7,2,3,4,No,30-40,"Medium Salary",0
161,56,Female,"Research & Development","Research Scientist",Travel_Rarely,"Life Sciences",4963,5,4,3,2,2,3,Yes,40+,"Low Salary",1
162,51,Male,"Research & Development","Research Director",Travel_Rarely,"Life Sciences",19537,20,15,15,3,1,3,No,40+,"High Salary",0
163,31,Male,Sales,"Sales Executive",Travel_Rarely,"Life Sciences",6172,7,7,7,3,2,2,Yes,30-40,"Medium Salary",1
164,26,Female,"Research & Development","Research Scientist",Travel_Rarely,Other,2368,5,4,3,2,3,2,No,"Under 30","Low Salary",0
165,58,Female,"Research & Development","Healthcare Representative",Travel_Rarely,Medical,10312,40,15,6,4,4,2,Yes,40+,"High Salary",1
167,19,Male,Sales,"Sales Representative",Travel_Rarely,Marketing,1675,0,0,0,3,4,2,Yes,"Under 30","Low Salary",1
169,22,Male,"Research & Development","Laboratory Technician",Travel_Rarely,"Technical Degree",2523,2,2,1,4,3,3,No,"Under 30","Low Salary",0
170,49,Female,"Research & Development","Manufacturing Director",Travel_Rarely,Medical,6567,15,5,11,1,3,2,No,40+,"Medium Salary",0
171,43,Female,"Research & Development","Research Scientist",Travel_Frequently,Medical,4739,3,1,2,3,2,3,No,40+,"Low Salary",0
174,50,Female,Sales,"Sales Executive",Travel_Frequently,Marketing,9208,2,2,1,4,3,3,No,40+,"Medium Salary",0
175,31,Female,Sales,"Sales Executive",Travel_Rarely,"Life Sciences",4559,2,2,2,3,2,3,Yes,30-40,"Low Salary",1
176,41,Male,Sales,"Sales Executive",Travel_Rarely,"Life Sciences",8189,9,0,7,3,3,3,No,40+,"Medium Salary",0
177,26,Female,"Human Resources","Human Resources",Travel_Rarely,"Life Sciences",2942,8,5,7,3,3,3,No,"Under 30","Low Salary",0
178,36,Male,"Research & Development","Manufacturing Director",Travel_Rarely,Medical,4941,3,0,1,2,2,3,No,30-40,"Low Salary",0
179,51,Male,"Research & Development","Manufacturing Director",Travel_Frequently,"Life Sciences",10650,4,0,3,4,1,3,Yes,40+,"High Salary",1
182,39,Female,Sales,"Sales Executive",Travel_Rarely,"Life Sciences",5902,15,5,9,3,4,4,No,30-40,"Medium Salary",0
183,25,Male,Sales,"Sales Executive",Travel_Rarely,"Life Sciences",8639,2,2,2,3,1,3,No,"Under 30","Medium Salary",0
184,30,Male,"Human Resources","Human Resources",Travel_Rarely,"Human Resources",6347,11,4,7,4,3,1,No,30-40,"Medium Salary",0
190,32,Female,"Research & Development","Laboratory Technician",Travel_Rarely,Medical,4200,5,0,4,1,1,4,Yes,30-40,"Low Salary",1
192,45,Male,"Research & Development","Research Scientist",Travel_Rarely,Medical,3452,6,0,3,4,3,2,No,40+,"Low Salary",0
193,38,Female,"Research & Development","Research Scientist",Travel_Rarely,"Technical Degree",4317,3,2,2,3,4,3,No,30-40,"Low Salary",0
194,30,Female,"Research & Development","Research Scientist",Travel_Rarely,"Life Sciences",2632,5,0,4,3,1,2,No,30-40,"Low Salary",0
195,32,Male,Sales,"Sales Executive",Travel_Frequently,Medical,4668,8,0,7,4,4,4,No,30-40,"Low Salary",0
197,30,Female,"Research & Development","Research Scientist",Travel_Rarely,"Technical Degree",3204,3,2,2,1,4,3,No,30-40,"Low Salary",0
198,30,Male,"Research & Development","Laboratory Technician",Travel_Rarely,Medical,2720,5,1,2,4,2,3,No,30-40,"Low Salary",0
199,41,Male,"Research & Development",Manager,Travel_Frequently,"Life Sciences",17181,7,7,7,1,4,2,No,40+,"High Salary",0
200,41,Male,"Research & Development","Laboratory Technician",Travel_Rarely,"Life Sciences",2238,5,1,4,1,3,3,No,40+,"Low Salary",0
201,19,Female,"Research & Development","Laboratory Technician",Travel_Rarely,Medical,1483,1,0,0,2,2,3,No,"Under 30","Low Salary",0
202,40,Female,"Research & Development","Research Scientist",Travel_Frequently,Medical,5605,20,2,13,2,2,3,No,30-40,"Medium Salary",0
204,35,Male,Sales,"Sales Executive",Travel_Rarely,Marketing,7295,10,0,6,2,3,3,No,30-40,"Medium Salary",0
205,53,Male,Sales,"Sales Representative",Travel_Rarely,Marketing,2306,7,4,5,3,2,1,No,40+,"Low Salary",0
206,45,Male,"Research & Development","Laboratory Technician",Travel_Rarely,"Life Sciences",2348,17,0,15,2,2,1,No,40+,"Low Salary",0
207,32,Female,Sales,"Sales Executive",Travel_Frequently,Marketing,8998,9,3,7,4,2,3,No,30-40,"Medium Salary",0
208,29,Male,"Research & Development","Manufacturing Director",Non-Travel,"Technical Degree",4319,10,0,9,3,4,3,No,"Under 30","Low Salary",0
211,51,Male,"Research & Development","Manufacturing Director",Travel_Rarely,Medical,6132,1,0,0,3,2,3,No,40+,"Medium Salary",0
214,58,Female,"Research & Development","Research Scientist",Travel_Rarely,Medical,3346,1,0,0,2,2,2,No,40+,"Low Salary",0
215,40,Male,Sales,"Sales Executive",Travel_Rarely,Marketing,10855,12,2,11,4,3,2,No,30-40,"High Salary",0
216,34,Female,Sales,"Sales Representative",Travel_Frequently,Marketing,2231,4,1,2,3,3,3,No,30-40,"Low Salary",0
217,22,Male,"Research & Development","Research Scientist",Travel_Rarely,Medical,2323,2,2,2,4,3,3,No,"Under 30","Low Salary",0
218,27,Male,"Research & Development","Research Scientist",Non-Travel,Medical,2024,2,2,2,2,4,1,No,"Under 30","Low Salary",0
221,28,Male,"Research & Development","Research Scientist",Travel_Rarely,Medical,2713,5,0,2,4,3,1,No,"Under 30","Low Salary",0
223,57,Male,"Research & Development","Healthcare Representative",Travel_Rarely,"Life Sciences",9439,5,1,4,4,3,1,No,40+,"Medium Salary",0
224,27,Male,"Research & Development","Research Scientist",Non-Travel,Medical,2566,1,0,1,3,3,2,No,"Under 30","Low Salary",0
226,50,Female,"Research & Development",Manager,Travel_Rarely,"Life Sciences",19926,5,4,4,2,3,3,No,40+,"High Salary",0
227,41,Male,"Research & Development","Research Scientist",Travel_Rarely,"Life Sciences",2451,9,1,8,3,1,3,No,40+,"Low Salary",0
228,30,Female,Sales,"Sales Executive",Travel_Rarely,"Life Sciences",9419,10,7,4,4,2,3,No,30-40,"Medium Salary",0
230,38,Female,Sales,"Sales Executive",Travel_Rarely,"Life Sciences",8686,8,0,7,4,1,4,No,30-40,"Medium Salary",0
231,32,Male,"Research & Development","Research Scientist",Travel_Rarely,"Life Sciences",3038,5,1,4,3,3,3,No,30-40,"Low Salary",0
233,27,Male,"Research & Development","Research Scientist",Travel_Rarely,"Technical Degree",3058,5,1,1,2,3,2,No,"Under 30","Low Salary",0
235,19,Female,Sales,"Sales Representative",Travel_Frequently,"Technical Degree",2325,0,0,0,1,3,4,Yes,"Under 30","Low Salary",1
238,36,Male,"Research & Development","Laboratory Technician",Travel_Frequently,Medical,2088,8,7,2,2,4,2,No,30-40,"Low Salary",0
239,30,Male,"Research & Development","Laboratory Technician",Non-Travel,Medical,3072,12,6,10,1,3,3,No,30-40,"Low Salary",0
240,45,Female,Sales,"Sales Executive",Travel_Rarely,"Life Sciences",5006,5,0,3,1,3,4,No,40+,"Medium Salary",0
241,56,Female,"Research & Development","Research Scientist",Travel_Rarely,"Life Sciences",4257,2,2,2,1,3,3,No,40+,"Low Salary",0
242,33,Male,"Research & Development","Research Scientist",Travel_Rarely,"Life Sciences",2500,3,0,2,4,3,4,No,30-40,"Low Salary",0
243,19,Male,"Research & Development","Laboratory Technician",Travel_Rarely,"Life Sciences",1102,1,1,0,4,2,2,Yes,"Under 30","Low Salary",1
244,46,Female,Sales,"Sales Executive",Travel_Rarely,Marketing,10453,24,15,7,1,2,3,No,40+,"High Salary",0
245,38,Female,"Research & Development","Laboratory Technician",Travel_Rarely,"Life Sciences",2288,2,2,1,4,3,3,No,30-40,"Low Salary",0
246,31,Female,"Research & Development","Research Scientist",Travel_Rarely,Medical,3929,4,0,2,4,3,3,No,30-40,"Low Salary",0
247,34,Female,"Research & Development","Research Scientist",Travel_Rarely,Medical,2311,3,1,2,2,4,3,No,30-40,"Low Salary",0
248,41,Female,Sales,"Sales Representative",Travel_Rarely,Marketing,3140,4,0,2,2,2,2,Yes,40+,"Low Salary",1
249,50,Male,"Research & Development","Laboratory Technician",Travel_Rarely,Medical,3690,3,0,2,3,3,2,No,40+,"Low Salary",0
250,53,Female,"Research & Development","Manufacturing Director",Travel_Rarely,Medical,4450,4,1,3,1,4,3,No,40+,"Low Salary",0
252,33,Female,"Research & Development","Research Scientist",Travel_Rarely,Medical,2756,8,1,6,2,4,3,No,30-40,"Low Salary",0
253,40,Female,"Research & Development",Manager,Travel_Rarely,Medical,19033,20,9,9,3,4,3,No,30-40,"High Salary",0
254,55,Male,"Research & Development","Research Director",Travel_Rarely,Medical,18722,24,2,15,2,3,3,No,40+,"High Salary",0
256,34,Male,"Research & Development","Manufacturing Director",Travel_Frequently,"Life Sciences",9547,10,1,9,3,4,2,No,30-40,"Medium Salary",0
258,51,Female,"Research & Development","Healthcare Representative",Travel_Rarely,Medical,13734,7,1,0,2,4,3,No,40+,"High Salary",0
259,52,Male,"Research & Development",Manager,Travel_Rarely,"Life Sciences",19999,33,11,9,3,3,3,No,40+,"High Salary",0
260,27,Female,"Research & Development","Research Scientist",Travel_Rarely,Medical,2279,7,0,3,2,4,2,No,"Under 30","Low Salary",0
261,35,Male,"Research & Development","Manufacturing Director",Travel_Rarely,"Life Sciences",5916,1,0,1,3,2,3,Yes,30-40,"Medium Salary",1
262,43,Male,"Research & Development","Research Scientist",Non-Travel,Medical,2089,5,2,2,4,4,4,No,40+,"Low Salary",0
264,45,Male,"Research & Development",Manager,Non-Travel,Medical,16792,20,11,8,4,1,3,No,40+,"High Salary",0
267,37,Male,"Research & Development","Research Scientist",Travel_Rarely,"Life Sciences",3564,8,1,7,1,2,2,No,30-40,"Low Salary",0
269,35,Female,"Research & Development","Laboratory Technician",Travel_Frequently,Medical,4425,6,1,2,2,2,3,No,30-40,"Low Salary",0
270,42,Female,"Research & Development","Manufacturing Director",Non-Travel,Medical,5265,5,0,2,3,3,3,No,40+,"Medium Salary",0
271,38,Male,"Research & Development","Manufacturing Director",Travel_Rarely,"Life Sciences",6553,1,0,0,3,4,3,No,30-40,"Medium Salary",0
273,38,Male,"Research & Development","Manufacturing Director",Travel_Rarely,"Technical Degree",6261,7,1,7,4,4,1,No,30-40,"Medium Salary",0
274,27,Male,"Research & Development","Manufacturing Director",Travel_Frequently,"Technical Degree",4298,2,2,0,1,3,3,No,"Under 30","Low Salary",0
275,49,Male,"Research & Development","Manufacturing Director",Non-Travel,"Life Sciences",6804,7,1,7,4,4,3,No,40+,"Medium Salary",0
277,34,Male,"Research & Development","Research Scientist",Travel_Frequently,Medical,3815,5,2,0,3,4,4,No,30-40,"Low Salary",0
281,40,Male,"Research & Development","Laboratory Technician",Travel_Rarely,Medical,2741,7,3,7,4,3,4,No,30-40,"Low Salary",0
282,38,Male,"Research & Development","Healthcare Representative",Travel_Rarely,Medical,6673,1,0,0,1,2,3,Yes,30-40,"Medium Salary",1
283,29,Female,Sales,"Sales Executive",Travel_Rarely,Marketing,7639,10,1,9,4,2,2,Yes,"Under 30","Medium Salary",1
284,22,Male,"Research & Development","Research Scientist",Travel_Rarely,"Life Sciences",2328,4,2,2,2,4,2,No,"Under 30","Low Salary",0
286,36,Female,"Research & Development","Laboratory Technician",Travel_Frequently,Medical,2153,8,1,7,4,2,3,No,30-40,"Low Salary",0
287,40,Male,"Research & Development","Healthcare Representative",Non-Travel,"Life Sciences",4876,3,0,2,4,4,1,No,30-40,"Low Salary",0
288,46,Male,"Research & Development","Healthcare Representative",Travel_Rarely,Medical,9396,4,0,3,1,4,3,No,40+,"Medium Salary",0
291,32,Male,Sales,"Sales Executive",Travel_Rarely,Medical,10400,14,9,8,4,4,2,Yes,30-40,"High Salary",1
292,30,Male,"Research & Development","Manufacturing Director",Non-Travel,"Life Sciences",8474,11,5,8,3,3,3,No,30-40,"Medium Salary",0
293,27,Female,Sales,"Sales Executive",Travel_Frequently,"Life Sciences",9981,7,0,7,3,4,3,No,"Under 30","Medium Salary",0
296,51,Male,"Research & Development","Research Director",Travel_Rarely,"Life Sciences",12490,10,4,7,2,2,1,No,40+,"High Salary",0
297,30,Female,"Research & Development","Research Scientist",Travel_Rarely,"Technical Degree",2657,5,0,4,1,4,3,Yes,30-40,"Low Salary",1
298,41,Female,Sales,Manager,Travel_Rarely,"Life Sciences",13591,1,0,0,4,4,3,No,40+,"High Salary",0
299,30,Female,Sales,"Sales Executive",Travel_Frequently,Marketing,6696,6,0,1,1,3,2,Yes,30-40,"Medium Salary",1
300,29,Male,"Research & Development","Research Scientist",Travel_Rarely,"Technical Degree",2058,6,1,5,3,3,2,Yes,"Under 30","Low Salary",1
302,45,Female,Sales,"Sales Executive",Non-Travel,Medical,8865,19,12,8,4,4,3,No,40+,"Medium Salary",0
303,54,Female,Sales,"Sales Executive",Travel_Rarely,Marketing,5940,6,0,5,1,4,3,No,40+,"Medium Salary",0
304,36,Male,"Research & Development","Laboratory Technician",Travel_Rarely,"Life Sciences",5914,13,3,7,2,4,4,No,30-40,"Medium Salary",0
305,33,Female,"Research & Development","Research Scientist",Travel_Rarely,Medical,2622,3,1,1,2,3,3,No,30-40,"Low Salary",0
306,37,Male,"Research & Development","Research Director",Travel_Frequently,Other,12185,10,0,7,4,2,3,No,30-40,"High Salary",0
307,38,Male,Sales,"Sales Executive",Travel_Rarely,"Life Sciences",10609,16,5,13,3,1,2,No,30-40,"High Salary",0
308,31,Male,"Research & Development","Manufacturing Director",Non-Travel,Medical,4345,5,1,4,3,3,3,No,30-40,"Low Salary",0
309,59,Male,"Research & Development","Research Scientist",Travel_Rarely,"Life Sciences",2177,1,0,0,4,3,3,No,40+,"Low Salary",0
311,37,Male,Sales,"Sales Representative",Travel_Frequently,Marketing,2793,9,5,8,4,1,3,No,30-40,"Low Salary",0
312,29,Female,Sales,"Sales Executive",Travel_Frequently,Medical,7918,11,4,1,4,2,3,No,"Under 30","Medium Salary",0
314,35,Female,Sales,"Sales Executive",Travel_Frequently,Marketing,8789,10,0,8,3,3,4,No,30-40,"Medium Salary",0
315,29,Male,"Research & Development","Research Scientist",Travel_Rarely,Medical,2389,4,0,1,4,3,2,Yes,"Under 30","Low Salary",1
316,52,Female,"Research & Development","Laboratory Technician",Travel_Rarely,"Life Sciences",3212,2,2,2,4,3,2,No,40+,"Low Salary",0
319,42,Male,"Research & Development",Manager,Travel_Rarely,"Technical Degree",19232,22,11,15,4,3,3,No,40+,"High Salary",0
321,59,Male,"Human Resources","Human Resources",Travel_Rarely,Medical,2267,2,2,2,3,2,2,No,40+,"Low Salary",0
323,50,Female,Sales,Manager,Travel_Rarely,Medical,19517,7,0,6,4,4,2,No,40+,"High Salary",0
325,33,Male,"Research & Development","Laboratory Technician",Travel_Rarely,Medical,2436,5,0,4,4,3,1,Yes,30-40,"Low Salary",1
327,43,Female,Sales,Manager,Travel_Rarely,Marketing,16064,17,1,9,4,4,3,No,40+,"High Salary",0
328,33,Female,"Research & Development","Laboratory Technician",Travel_Rarely,"Life Sciences",2707,9,1,7,1,1,4,Yes,30-40,"Low Salary",1
329,52,Male,Sales,Manager,Non-Travel,"Life Sciences",19068,33,15,12,3,1,4,No,40+,"High Salary",0
330,32,Female,Sales,"Sales Representative",Travel_Rarely,"Life Sciences",3931,4,1,2,2,3,3,No,30-40,"Low Salary",0
331,32,Male,"Research & Development","Laboratory Technician",Travel_Rarely,"Life Sciences",3730,3,1,2,3,4,1,Yes,30-40,"Low Salary",1
332,39,Female,"Research & Development","Laboratory Technician",Travel_Rarely,Medical,2232,3,1,2,3,3,3,No,30-40,"Low Salary",0
333,32,Male,Sales,"Sales Executive",Non-Travel,Marketing,4465,3,2,2,4,3,3,No,30-40,"Low Salary",0
334,41,Male,"Research & Development","Research Scientist",Travel_Rarely,"Life Sciences",3072,1,0,0,1,3,2,No,40+,"Low Salary",0
335,40,Male,"Research & Development","Research Scientist",Travel_Rarely,"Technical Degree",3319,9,4,7,4,1,3,No,30-40,"Low Salary",0
336,45,Male,"Research & Development",Manager,Travel_Rarely,Other,19202,24,1,7,4,3,3,No,40+,"High Salary",0
337,31,Male,"Research & Development","Research Director",Travel_Frequently,Medical,13675,2,2,2,3,2,3,No,30-40,"High Salary",0
338,33,Female,"Research & Development","Research Scientist",Travel_Rarely,"Life Sciences",2911,2,0,2,4,3,2,No,30-40,"Low Salary",0
339,34,Male,"Research & Development","Manufacturing Director",Travel_Rarely,"Life Sciences",5957,11,5,9,1,4,3,No,30-40,"Medium Salary",0
340,37,Female,"Research & Development","Research Scientist",Travel_Rarely,Medical,3920,3,0,2,1,3,2,No,30-40,"Low Salary",0
341,45,Male,"Research & Development","Manufacturing Director",Travel_Frequently,"Life Sciences",6434,3,0,2,3,1,3,No,40+,"Medium Salary",0
342,37,Male,"Research & Development","Manufacturing Director",Travel_Frequently,Medical,10048,1,0,0,3,1,3,Yes,30-40,"High Salary",1
343,39,Female,"Research & Development","Healthcare Representative",Travel_Frequently,"Technical Degree",10938,19,11,8,3,3,3,No,30-40,"High Salary",0
346,29,Male,"Research & Development","Research Scientist",Travel_Rarely,"Life Sciences",2340,6,1,5,4,3,3,No,"Under 30","Low Salary",0
347,42,Female,"Research & Development","Research Scientist",Travel_Rarely,"Life Sciences",6545,3,0,2,1,4,3,No,40+,"Medium Salary",0
349,29,Male,Sales,"Sales Executive",Travel_Rarely,Marketing,6931,3,0,2,4,4,3,No,"Under 30","Medium Salary",0
350,25,Female,"Research & Development","Manufacturing Director",Travel_Rarely,"Life Sciences",4898,4,1,2,3,1,3,No,"Under 30","Low Salary",0
351,42,Female,"Research & Development","Laboratory Technician",Travel_Rarely,Medical,2593,9,7,8,1,4,3,No,40+,"Low Salary",0
352,40,Male,"Research & Development","Research Director",Travel_Rarely,Medical,19436,21,3,9,3,1,3,No,30-40,"High Salary",0
353,51,Male,"Research & Development","Research Scientist",Travel_Rarely,"Life Sciences",2723,1,0,0,4,3,2,No,40+,"Low Salary",0
355,31,Male,"Research & Development","Laboratory Technician",Travel_Frequently,Medical,3479,5,1,4,2,3,4,Yes,30-40,"Low Salary",1
359,32,Male,"Research & Development","Laboratory Technician",Travel_Frequently,"Life Sciences",2794,5,0,3,2,2,1,No,30-40,"Low Salary",0
361,38,Male,Sales,"Sales Executive",Non-Travel,"Life Sciences",5249,8,7,5,4,4,3,No,30-40,"Medium Salary",0
362,32,Male,"Research & Development","Laboratory Technician",Travel_Rarely,"Technical Degree",2176,6,0,4,1,4,3,No,30-40,"Low Salary",0
363,46,Female,Sales,Manager,Travel_Rarely,"Technical Degree",16872,7,7,7,2,3,2,No,40+,"High Salary",0
364,28,Male,"Research & Development","Laboratory Technician",Travel_Rarely,"Life Sciences",3485,0,0,0,3,1,1,Yes,"Under 30","Low Salary",1
366,29,Male,Sales,"Sales Executive",Travel_Rarely,Medical,6644,0,0,0,2,1,3,No,"Under 30","Medium Salary",0
367,31,Male,"Research & Development","Healthcare Representative",Travel_Rarely,Medical,5582,9,7,8,4,2,3,No,30-40,"Medium Salary",0
369,25,Male,"Research & Development","Healthcare Representative",Non-Travel,"Life Sciences",4000,6,1,5,1,2,3,No,"Under 30","Low Salary",0
372,45,Male,"Research & Development","Healthcare Representative",Travel_Rarely,Medical,13496,20,4,10,4,3,3,No,40+,"High Salary",0
373,36,Male,"Research & Development","Laboratory Technician",Travel_Rarely,"Life Sciences",3210,15,10,11,4,4,3,No,30-40,"Low Salary",0
374,55,Male,"Research & Development",Manager,Travel_Rarely,Medical,19045,36,4,13,1,4,3,No,40+,"High Salary",0
376,47,Male,"Research & Development",Manager,Non-Travel,"Life Sciences",11849,10,9,9,2,1,2,Yes,40+,"High Salary",1
377,28,Male,"Research & Development","Research Scientist",Travel_Rarely,Medical,2070,5,0,4,4,4,2,No,"Under 30","Low Salary",0
378,37,Male,Sales,"Sales Executive",Travel_Rarely,Medical,6502,5,0,1,4,3,4,No,30-40,"Medium Salary",0
379,21,Male,"Research & Development","Research Scientist",Travel_Rarely,Medical,3230,3,1,0,3,4,4,No,"Under 30","Low Salary",0
380,37,Female,"Research & Development","Research Director",Non-Travel,Medical,13603,5,0,2,4,1,3,No,30-40,"High Salary",0
381,35,Female,"Research & Development",Manager,Travel_Rarely,"Life Sciences",11996,7,6,2,2,2,2,No,30-40,"High Salary",0
382,38,Female,Sales,"Sales Executive",Travel_Rarely,Medical,5605,8,7,7,1,1,3,No,30-40,"Medium Salary",0
384,26,Female,"Research & Development","Manufacturing Director",Travel_Frequently,"Life Sciences",6397,6,1,4,2,3,1,No,"Under 30","Medium Salary",0
385,50,Male,"Research & Development","Research Director",Travel_Rarely,"Life Sciences",19144,10,1,6,2,1,2,No,40+,"High Salary",0
386,53,Male,"Research & Development","Research Director",Travel_Rarely,Medical,17584,5,1,3,3,3,2,No,40+,"High Salary",0
387,42,Male,Sales,"Sales Executive",Travel_Rarely,"Life Sciences",4907,20,11,6,3,2,3,No,40+,"Low Salary",0
388,29,Male,Sales,"Sales Executive",Travel_Frequently,"Life Sciences",4554,10,0,9,4,2,2,No,"Under 30","Low Salary",0
389,55,Male,"Research & Development","Laboratory Technician",Travel_Rarely,"Technical Degree",5415,10,0,8,4,2,3,No,40+,"Medium Salary",0
390,26,Male,"Research & Development","Healthcare Representative",Travel_Frequently,Medical,4741,5,3,3,1,1,3,No,"Under 30","Low Salary",0
391,37,Female,"Research & Development","Research Scientist",Travel_Rarely,"Life Sciences",2115,17,5,7,4,4,3,No,30-40,"Low Salary",0
392,44,Male,"Research & Development","Laboratory Technician",Travel_Frequently,"Life Sciences",3161,1,0,0,3,4,1,Yes,40+,"Low Salary",1
393,38,Male,"Research & Development","Healthcare Representative",Travel_Rarely,"Life Sciences",5745,2,1,2,4,4,3,No,30-40,"Medium Salary",0
394,26,Male,"Research & Development","Laboratory Technician",Travel_Rarely,Medical,2373,3,0,2,2,1,3,Yes,"Under 30","Low Salary",1
395,28,Female,"Research & Development","Research Scientist",Travel_Rarely,"Life Sciences",3310,5,0,2,4,4,3,No,"Under 30","Low Salary",0
396,49,Female,"Research & Development","Research Director",Travel_Frequently,"Life Sciences",18665,3,1,2,1,3,3,No,40+,"High Salary",0
397,36,Male,"Research & Development","Research Scientist",Travel_Rarely,"Technical Degree",4485,8,7,7,2,3,3,No,30-40,"Low Salary",0
399,31,Female,Sales,"Sales Representative",Travel_Frequently,Marketing,2789,2,2,2,2,4,2,No,30-40,"Low Salary",0
401,26,Male,Sales,"Sales Executive",Travel_Rarely,Marketing,5828,8,7,4,4,4,3,Yes,"Under 30","Medium Salary",1
403,37,Male,"Research & Development","Research Scientist",Travel_Frequently,Medical,2326,4,1,2,4,2,2,No,30-40,"Low Salary",0
404,42,Female,Sales,"Sales Executive",Travel_Frequently,Marketing,13525,20,4,8,2,3,4,No,40+,"High Salary",0
405,18,Male,"Research & Development","Laboratory Technician",Travel_Rarely,"Life Sciences",1420,0,0,0,3,3,3,Yes,"Under 30","Low Salary",1
406,35,Male,Sales,"Sales Executive",Travel_Rarely,Marketing,8020,11,6,9,2,3,2,No,30-40,"Medium Salary",0
407,36,Male,"Research & Development","Laboratory Technician",Travel_Frequently,"Life Sciences",3688,1,0,0,4,3,3,No,30-40,"Low Salary",0
408,51,Male,"Research & Development","Manufacturing Director",Travel_Rarely,Medical,5482,4,1,2,2,4,3,No,40+,"Medium Salary",0
410,41,Male,Sales,Manager,Travel_Rarely,"Life Sciences",16015,22,0,4,2,4,3,No,40+,"High Salary",0
411,18,Female,Sales,"Sales Representative",Travel_Rarely,Medical,1200,0,0,0,3,4,3,No,"Under 30","Low Salary",0
412,28,Male,"Research & Development","Healthcare Representative",Travel_Rarely,Medical,5661,8,0,7,1,2,3,No,"Under 30","Medium Salary",0
416,31,Male,Sales,"Sales Executive",Travel_Rarely,"Technical Degree",6929,8,7,7,4,2,2,No,30-40,"Medium Salary",0
417,39,Male,"Research & Development","Healthcare Representative",Travel_Rarely,Medical,9613,18,3,7,4,3,2,No,30-40,"Medium Salary",0
419,36,Female,"Research & Development","Laboratory Technician",Non-Travel,"Life Sciences",5674,9,0,8,2,2,3,No,30-40,"Medium Salary",0
420,32,Male,Sales,"Sales Executive",Travel_Rarely,"Life Sciences",5484,13,4,8,3,4,2,No,30-40,"Medium Salary",0
421,38,Female,"Research & Development","Research Director",Travel_Rarely,"Life Sciences",12061,10,0,1,2,1,3,No,30-40,"High Salary",0
422,58,Male,"Research & Development","Healthcare Representative",Non-Travel,"Life Sciences",5660,5,1,2,3,4,3,No,40+,"Medium Salary",0
423,31,Male,"Research & Development","Research Scientist",Travel_Rarely,"Technical Degree",4821,5,0,3,4,3,3,No,30-40,"Low Salary",0
424,31,Male,"Human Resources","Human Resources",Travel_Rarely,"Human Resources",6410,2,1,0,1,1,3,No,30-40,"Medium Salary",0
425,45,Male,"Research & Development","Laboratory Technician",Travel_Frequently,"Life Sciences",5210,24,9,11,1,1,3,No,40+,"Medium Salary",0
426,31,Male,"Research & Development","Research Scientist",Travel_Rarely,"Life Sciences",2695,2,2,2,4,3,1,No,30-40,"Low Salary",0
428,33,Female,"Research & Development",Manager,Travel_Frequently,"Life Sciences",11878,10,8,8,2,4,3,No,30-40,"High Salary",0
429,39,Male,"Research & Development",Manager,Travel_Rarely,Medical,17068,21,11,10,1,3,3,No,30-40,"High Salary",0
430,43,Female,"Research & Development","Laboratory Technician",Travel_Frequently,"Life Sciences",2455,8,1,7,4,3,3,No,40+,"Low Salary",0
431,49,Female,"Research & Development","Healthcare Representative",Travel_Rarely,"Technical Degree",13964,7,0,7,3,3,3,No,40+,"High Salary",0
433,52,Male,"Research & Development","Research Scientist",Travel_Rarely,Medical,4941,8,7,7,2,3,2,Yes,40+,"Low Salary",1
434,27,Female,"Research & Development","Research Scientist",Travel_Rarely,"Life Sciences",2478,4,1,2,2,3,2,No,"Under 30","Low Salary",0
436,32,Female,Sales,"Sales Executive",Travel_Rarely,"Technical Degree",5228,13,11,9,2,3,3,No,30-40,"Medium Salary",0
437,27,Male,Sales,"Sales Executive",Travel_Rarely,"Life Sciences",4478,5,0,4,3,4,3,No,"Under 30","Low Salary",0
438,31,Male,Sales,"Sales Executive",Travel_Rarely,Marketing,7547,7,1,7,4,4,3,No,30-40,"Medium Salary",0
439,32,Female,"Research & Development","Research Scientist",Travel_Rarely,Medical,5055,7,0,7,4,1,2,No,30-40,"Medium Salary",0
440,28,Male,"Research & Development","Research Scientist",Travel_Rarely,Medical,3464,3,2,2,4,1,2,Yes,"Under 30","Low Salary",1
441,30,Female,"Research & Development","Research Scientist",Travel_Rarely,Medical,5775,10,1,9,4,4,3,No,30-40,"Medium Salary",0
442,31,Female,"Research & Development","Manufacturing Director",Travel_Frequently,"Life Sciences",8943,10,8,9,3,3,3,No,30-40,"Medium Salary",0
444,39,Male,"Research & Development",Manager,Travel_Frequently,Medical,19272,21,13,3,4,3,3,No,30-40,"High Salary",0
445,39,Female,Sales,"Sales Executive",Travel_Rarely,Medical,5238,1,0,0,3,4,2,Yes,30-40,"Medium Salary",1
446,33,Male,Sales,"Sales Executive",Travel_Frequently,Marketing,4682,7,0,1,4,2,2,No,30-40,"Low Salary",0
447,47,Male,"Research & Development","Research Director",Travel_Rarely,"Life Sciences",18300,3,1,1,3,4,3,No,40+,"High Salary",0
448,43,Female,"Research & Development","Laboratory Technician",Travel_Frequently,"Life Sciences",5257,9,0,0,3,3,4,No,40+,"Medium Salary",0
449,27,Male,Sales,"Sales Executive",Non-Travel,Marketing,6349,5,1,4,2,3,3,No,"Under 30","Medium Salary",0
450,54,Female,"Research & Development","Research Scientist",Travel_Frequently,"Life Sciences",4869,4,0,3,3,4,2,No,40+,"Low Salary",0
451,43,Female,"Research & Development","Healthcare Representative",Travel_Rarely,"Life Sciences",9985,1,0,0,1,3,2,No,40+,"Medium Salary",0
452,45,Male,"Research & Development","Research Scientist",Travel_Rarely,Other,3697,10,9,8,4,4,3,No,40+,"Low Salary",0
453,40,Male,Sales,"Sales Executive",Travel_Rarely,Medical,7457,4,0,2,4,2,2,No,30-40,"Medium Salary",0
454,29,Male,"Research & Development","Laboratory Technician",Travel_Rarely,Other,2119,7,0,7,1,2,2,Yes,"Under 30","Low Salary",1
455,29,Male,"Research & Development","Laboratory Technician",Travel_Rarely,Other,3983,3,2,2,4,2,3,No,"Under 30","Low Salary",0
456,30,Female,Sales,"Sales Executive",Travel_Rarely,Marketing,6118,10,1,2,3,4,3,No,30-40,"Medium Salary",0
458,27,Female,Sales,"Sales Executive",Travel_Rarely,Marketing,6214,8,0,7,2,2,3,No,"Under 30","Medium Salary",0
460,37,Male,"Research & Development","Manufacturing Director",Travel_Rarely,Medical,6347,6,0,4,4,4,2,No,30-40,"Medium Salary",0
461,38,Male,"Research & Development","Research Director",Travel_Rarely,"Life Sciences",11510,11,2,9,4,3,3,No,30-40,"High Salary",0
462,31,Female,"Research & Development","Manufacturing Director",Travel_Rarely,Medical,7143,11,4,10,4,3,2,No,30-40,"Medium Salary",0
463,29,Female,Sales,"Sales Executive",Travel_Rarely,Marketing,8268,7,1,7,2,4,3,No,"Under 30","Medium Salary",0
464,35,Male,"Research & Development","Manufacturing Director",Travel_Rarely,"Technical Degree",8095,16,0,13,2,3,3,No,30-40,"Medium Salary",0
465,23,Male,"Research & Development","Research Scientist",Travel_Rarely,"Life Sciences",2904,4,0,2,4,3,2,No,"Under 30","Low Salary",0
466,41,Male,"Research & Development","Manufacturing Director",Travel_Rarely,Medical,6032,5,1,2,2,4,3,No,40+,"Medium Salary",0
467,47,Male,Sales,"Sales Representative",Travel_Frequently,Medical,2976,0,0,0,3,2,3,No,40+,"Low Salary",0
468,42,Female,"Research & Development","Research Director",Travel_Rarely,"Life Sciences",15992,1,0,0,4,1,3,No,40+,"High Salary",0
469,29,Male,Sales,"Sales Executive",Non-Travel,"Life Sciences",4649,4,0,2,3,4,2,No,"Under 30","Low Salary",0
470,42,Male,"Human Resources","Human Resources",Travel_Rarely,"Technical Degree",2696,3,1,0,3,3,3,No,40+,"Low Salary",0
471,32,Female,"Research & Development","Laboratory Technician",Travel_Rarely,Medical,2370,8,0,7,2,3,3,No,30-40,"Low Salary",0
473,48,Female,Sales,Manager,Travel_Rarely,Medical,12504,0,0,0,3,1,1,No,40+,"High Salary",0
474,37,Male,"Research & Development","Research Scientist",Travel_Rarely,Medical,5974,7,6,7,1,3,3,No,30-40,"Medium Salary",0
475,30,Female,Sales,"Sales Executive",Non-Travel,"Technical Degree",4736,2,2,2,3,4,4,No,30-40,"Low Salary",0
476,26,Male,Sales,"Sales Executive",Travel_Rarely,"Life Sciences",5296,8,7,7,3,3,3,No,"Under 30","Medium Salary",0
477,42,Male,"Research & Development","Healthcare Representative",Travel_Rarely,Other,6781,1,0,0,4,1,3,No,40+,"Medium Salary",0
478,21,Female,Sales,"Sales Representative",Travel_Frequently,"Technical Degree",2174,3,1,2,2,1,3,Yes,"Under 30","Low Salary",1
479,36,Female,Sales,"Sales Executive",Non-Travel,Medical,6653,1,0,0,4,4,3,No,30-40,"Medium Salary",0
481,36,Male,Sales,"Sales Executive",Travel_Frequently,Medical,9699,13,1,12,4,1,3,No,30-40,"Medium Salary",0
482,57,Male,"Research & Development","Healthcare Representative",Travel_Rarely,Medical,6755,3,1,2,3,4,3,No,40+,"Medium Salary",0
483,40,Female,"Research & Development","Laboratory Technician",Travel_Rarely,"Life Sciences",2213,7,1,7,3,4,3,No,30-40,"Low Salary",0
484,21,Male,Sales,"Sales Representative",Non-Travel,Medical,2610,3,2,2,4,1,2,No,"Under 30","Low Salary",0
485,33,Female,Sales,"Sales Representative",Travel_Rarely,Marketing,2851,1,0,0,3,4,3,Yes,30-40,"Low Salary",1
486,37,Female,"Research & Development","Laboratory Technician",Travel_Rarely,Medical,3452,5,0,3,1,3,3,No,30-40,"Low Salary",0
487,46,Female,"Research & Development","Manufacturing Director",Non-Travel,Medical,5258,1,0,0,3,3,4,No,40+,"Medium Salary",0
488,41,Male,Sales,"Sales Executive",Travel_Frequently,Marketing,9355,8,7,7,2,1,3,Yes,40+,"Medium Salary",1
491,50,Male,"Research & Development","Healthcare Representative",Travel_Rarely,"Technical Degree",10496,4,1,3,4,4,3,No,40+,"High Salary",0
492,40,Male,Sales,"Sales Executive",Travel_Rarely,Marketing,6380,6,1,0,3,3,3,Yes,30-40,"Medium Salary",1
493,31,Male,"Research & Development","Research Scientist",Travel_Rarely,"Life Sciences",2657,2,2,2,2,3,3,No,30-40,"Low Salary",0
494,21,Female,Sales,"Sales Representative",Travel_Rarely,"Life Sciences",2716,1,0,0,2,3,3,Yes,"Under 30","Low Salary",1
495,29,Male,"Research & Development","Research Scientist",Travel_Rarely,"Life Sciences",2201,3,1,2,4,4,3,No,"Under 30","Low Salary",0
496,35,Male,"Research & Development","Healthcare Representative",Travel_Rarely,"Life Sciences",6540,1,0,0,2,3,3,No,30-40,"Medium Salary",0
497,27,Male,"Research & Development","Laboratory Technician",Travel_Rarely,Medical,3816,5,0,4,2,4,3,No,"Under 30","Low Salary",0
498,28,Male,Sales,"Sales Executive",Travel_Rarely,"Life Sciences",5253,7,0,7,4,2,3,No,"Under 30","Medium Salary",0
499,49,Male,"Research & Development","Healthcare Representative",Travel_Rarely,Other,10965,5,0,0,3,2,3,No,40+,"High Salary",0
500,51,Female,Sales,"Sales Executive",Travel_Rarely,"Life Sciences",4936,7,0,7,4,3,2,No,40+,"Low Salary",0
501,36,Female,"Research & Development","Research Scientist",Travel_Rarely,"Life Sciences",2543,2,2,2,3,4,3,No,30-40,"Low Salary",0
502,34,Male,Sales,"Sales Executive",Non-Travel,Marketing,5304,5,0,4,4,1,2,Yes,30-40,"Medium Salary",1
505,55,Female,"Research & Development",Manager,Travel_Rarely,"Life Sciences",16659,5,1,2,4,3,3,No,40+,"High Salary",0
507,24,Female,Sales,"Sales Executive",Travel_Rarely,Marketing,4260,5,0,3,3,4,4,No,"Under 30","Low Salary",0
508,30,Male,Sales,"Sales Representative",Travel_Rarely,"Technical Degree",2476,1,0,0,2,3,3,No,30-40,"Low Salary",0
510,26,Male,"Research & Development","Research Scientist",Travel_Frequently,"Technical Degree",3102,6,0,4,1,3,3,Yes,"Under 30","Low Salary",1
511,22,Female,"Research & Development","Research Scientist",Travel_Rarely,Medical,2244,2,1,2,2,1,3,No,"Under 30","Low Salary",0
513,36,Male,Sales,"Sales Executive",Travel_Rarely,Medical,7596,10,9,0,3,2,3,No,30-40,"Medium Salary",0
514,30,Male,"Research & Development","Research Scientist",Travel_Frequently,"Technical Degree",2285,1,0,0,4,3,3,Yes,30-40,"Low Salary",1
515,37,Female,"Research & Development","Laboratory Technician",Travel_Rarely,"Life Sciences",3034,18,12,17,1,4,2,No,30-40,"Low Salary",0
516,40,Female,Sales,"Sales Executive",Travel_Rarely,Marketing,5715,5,1,3,2,4,3,No,30-40,"Medium Salary",0
517,42,Female,"Research & Development","Laboratory Technician",Travel_Rarely,"Life Sciences",2576,5,1,2,1,2,3,No,40+,"Low Salary",0
518,37,Male,"Research & Development","Manufacturing Director",Travel_Rarely,"Life Sciences",4197,1,0,1,2,3,2,No,30-40,"Low Salary",0
520,43,Male,"Research & Development","Research Director",Travel_Rarely,"Life Sciences",14336,25,3,9,2,1,3,No,40+,"High Salary",0
521,40,Female,"Research & Development","Laboratory Technician",Travel_Rarely,Medical,3448,1,0,0,3,2,3,No,30-40,"Low Salary",0
522,54,Male,"Research & Development","Research Director",Travel_Rarely,Medical,19406,4,1,2,1,1,2,No,40+,"High Salary",0
523,34,Female,Sales,"Sales Executive",Non-Travel,Marketing,6538,3,1,2,3,3,3,No,30-40,"Medium Salary",0
524,31,Female,"Research & Development","Manufacturing Director",Travel_Rarely,Medical,4306,13,3,12,1,2,1,No,30-40,"Low Salary",0
525,43,Male,"Research & Development","Laboratory Technician",Travel_Frequently,Medical,2258,3,1,2,4,4,3,No,40+,"Low Salary",0
526,43,Female,"Research & Development","Healthcare Representative",Travel_Rarely,Other,4522,5,0,2,3,3,3,No,40+,"Low Salary",0
527,25,Female,Sales,"Sales Executive",Travel_Rarely,"Life Sciences",4487,5,1,3,4,2,3,No,"Under 30","Low Salary",0
529,37,Female,"Research & Development","Research Scientist",Non-Travel,Medical,4449,13,10,7,3,2,3,No,30-40,"Low Salary",0
530,31,Male,"Research & Development","Laboratory Technician",Travel_Rarely,"Life Sciences",2218,4,3,2,1,4,3,No,30-40,"Low Salary",0
531,39,Male,"Research & Development",Manager,Travel_Frequently,"Life Sciences",19197,21,1,6,3,2,3,No,30-40,"High Salary",0
532,56,Female,Sales,"Sales Executive",Travel_Frequently,"Life Sciences",13212,7,7,7,1,3,2,No,40+,"High Salary",0
533,30,Female,Sales,"Sales Executive",Travel_Rarely,"Technical Degree",6577,5,4,4,3,2,3,No,30-40,"Medium Salary",0
534,41,Male,Sales,"Sales Executive",Travel_Rarely,Marketing,8392,10,0,7,1,2,3,No,40+,"Medium Salary",0
536,28,Male,"Research & Development","Laboratory Technician",Travel_Rarely,Medical,4558,10,1,8,1,3,3,No,"Under 30","Low Salary",0
538,25,Male,"Research & Development","Laboratory Technician",Travel_Rarely,Medical,4031,2,0,2,1,1,3,Yes,"Under 30","Low Salary",1
543,52,Male,"Research & Development","Manufacturing Director",Travel_Rarely,Medical,7969,5,0,4,3,4,3,No,40+,"Medium Salary",0
544,45,Male,"Research & Development","Research Scientist",Travel_Rarely,"Life Sciences",2654,2,0,2,4,1,2,No,40+,"Low Salary",0
546,52,Female,"Research & Development",Manager,Travel_Rarely,"Life Sciences",16555,5,1,4,4,4,1,No,40+,"High Salary",0
547,42,Female,"Research & Development","Research Scientist",Travel_Frequently,"Life Sciences",4556,5,0,2,3,1,3,No,40+,"Low Salary",0
548,30,Female,"Research & Development","Manufacturing Director",Travel_Rarely,"Life Sciences",6091,5,0,2,4,3,3,No,30-40,"Medium Salary",0
549,60,Female,"Research & Development",Manager,Travel_Rarely,"Life Sciences",19566,29,11,10,1,1,1,No,40+,"High Salary",0
550,46,Female,"Research & Development","Manufacturing Director",Travel_Rarely,Medical,4810,10,0,8,3,3,2,No,40+,"Low Salary",0
551,42,Female,"Research & Development","Healthcare Representative",Travel_Frequently,"Technical Degree",4523,6,0,4,4,4,4,No,40+,"Low Salary",0
554,24,Female,Sales,"Sales Representative",Travel_Rarely,"Technical Degree",3202,5,1,4,2,1,3,Yes,"Under 30","Low Salary",1
555,34,Female,Sales,"Sales Representative",Travel_Frequently,Marketing,2351,2,1,0,3,4,2,Yes,30-40,"Low Salary",1
556,38,Male,"Research & Development","Laboratory Technician",Travel_Frequently,"Life Sciences",1702,1,0,0,4,4,3,No,30-40,"Low Salary",0
558,40,Female,Sales,Manager,Travel_Rarely,"Life Sciences",18041,20,1,12,3,3,3,No,30-40,"High Salary",0
560,26,Female,"Research & Development","Research Scientist",Travel_Rarely,"Life Sciences",2886,3,0,2,4,1,1,No,"Under 30","Low Salary",0
562,30,Male,"Research & Development","Laboratory Technician",Non-Travel,"Life Sciences",2097,5,1,4,4,3,1,No,30-40,"Low Salary",0
564,29,Male,"Research & Development","Research Director",Travel_Rarely,Medical,11935,10,0,7,3,2,3,No,"Under 30","High Salary",0
565,29,Female,"Research & Development","Research Scientist",Travel_Rarely,"Technical Degree",2546,2,1,1,2,3,4,Yes,"Under 30","Low Salary",1
566,19,Male,"Human Resources","Human Resources",Travel_Rarely,"Technical Degree",2564,1,0,0,4,1,4,Yes,"Under 30","Low Salary",1
567,30,Female,Sales,"Sales Executive",Non-Travel,Other,8412,9,7,8,1,3,3,No,30-40,"Medium Salary",0
568,57,Male,Sales,Manager,Travel_Rarely,Marketing,14118,1,0,0,4,1,2,No,40+,"High Salary",0
569,50,Male,"Research & Development",Manager,Travel_Rarely,"Life Sciences",17046,27,15,7,3,2,3,No,40+,"High Salary",0
571,30,Female,"Research & Development","Laboratory Technician",Non-Travel,Medical,2564,11,6,7,4,3,2,No,30-40,"Low Salary",0
573,60,Female,Sales,"Sales Executive",Travel_Frequently,Marketing,10266,18,13,11,1,3,4,No,40+,"High Salary",0
574,47,Female,"Research & Development","Manufacturing Director",Travel_Rarely,Medical,5070,5,0,4,4,1,3,No,40+,"Medium Salary",0
575,46,Male,"Research & Development","Research Director",Travel_Rarely,"Life Sciences",17861,3,0,1,3,1,1,No,40+,"High Salary",0
577,35,Male,"Research & Development","Laboratory Technician",Travel_Rarely,"Life Sciences",4230,5,4,3,3,4,3,No,30-40,"Low Salary",0
578,54,Female,"Research & Development","Laboratory Technician",Travel_Rarely,"Life Sciences",3780,1,0,0,3,3,3,No,40+,"Low Salary",0
579,34,Male,"Research & Development","Research Scientist",Travel_Rarely,"Life Sciences",2768,7,5,7,3,4,3,No,30-40,"Low Salary",0
580,46,Female,Sales,"Sales Executive",Travel_Rarely,Marketing,9071,3,1,2,4,3,3,No,40+,"Medium Salary",0
581,31,Male,"Research & Development","Manufacturing Director",Travel_Rarely,"Life Sciences",10648,13,0,8,2,3,4,No,30-40,"High Salary",0
582,33,Male,"Research & Development",Manager,Travel_Rarely,Medical,13610,7,7,7,3,2,4,Yes,30-40,"High Salary",1
584,33,Male,"Research & Development","Laboratory Technician",Travel_Rarely,Medical,3408,4,1,3,4,1,3,Yes,30-40,"Low Salary",1
585,30,Male,Sales,"Sales Representative",Travel_Rarely,Marketing,2983,3,1,2,2,4,3,No,30-40,"Low Salary",0
586,35,Male,"Research & Development","Healthcare Representative",Travel_Rarely,"Life Sciences",7632,8,0,0,3,4,3,No,30-40,"Medium Salary",0
587,31,Male,"Research & Development","Healthcare Representative",Travel_Frequently,"Life Sciences",9824,1,0,0,3,1,3,Yes,30-40,"Medium Salary",1
590,34,Female,"Human Resources","Human Resources",Travel_Frequently,"Human Resources",9950,3,0,2,1,2,3,Yes,30-40,"Medium Salary",1
591,42,Male,"Research & Development","Laboratory Technician",Travel_Frequently,Other,2093,2,2,0,3,2,3,No,40+,"Low Salary",0
592,36,Male,Sales,"Sales Executive",Non-Travel,Medical,9980,10,9,7,4,2,2,No,30-40,"Medium Salary",0
593,22,Male,"Research & Development","Laboratory Technician",Travel_Frequently,"Technical Degree",3894,2,1,2,3,3,3,Yes,"Under 30","Low Salary",1
595,48,Female,Sales,"Sales Executive",Travel_Rarely,Marketing,4051,9,6,7,4,2,3,No,40+,"Low Salary",0
597,55,Female,Sales,Manager,Travel_Rarely,"Life Sciences",16835,10,7,7,2,1,3,No,40+,"High Salary",0
599,41,Male,Sales,"Sales Executive",Non-Travel,"Life Sciences",6230,14,1,10,4,4,3,No,40+,"Medium Salary",0
600,35,Male,Sales,"Sales Executive",Travel_Rarely,Marketing,4717,11,6,9,3,2,3,No,30-40,"Low Salary",0
601,40,Female,"Research & Development","Manufacturing Director",Travel_Rarely,"Life Sciences",13237,20,5,13,3,2,3,No,30-40,"High Salary",0
602,39,Female,"Research & Development","Laboratory Technician",Travel_Frequently,"Life Sciences",3755,8,0,7,3,3,3,No,30-40,"Low Salary",0
604,31,Male,Sales,"Sales Executive",Travel_Rarely,"Life Sciences",6582,6,0,5,4,2,4,No,30-40,"Medium Salary",0
605,42,Male,"Research & Development","Manufacturing Director",Travel_Rarely,Medical,7406,10,5,8,1,4,2,No,40+,"Medium Salary",0
606,45,Male,Sales,"Sales Executive",Travel_Rarely,Other,4805,8,3,7,2,4,4,No,40+,"Low Salary",0
608,26,Female,"Human Resources","Human Resources",Travel_Frequently,"Life Sciences",2741,7,1,0,3,2,2,Yes,"Under 30","Low Salary",1
611,29,Male,"Research & Development","Manufacturing Director",Travel_Rarely,"Technical Degree",4262,3,1,2,4,4,4,No,"Under 30","Low Salary",0
612,33,Female,"Research & Development","Research Director",Travel_Rarely,Medical,16184,6,0,5,3,1,3,No,30-40,"High Salary",0
613,31,Male,Sales,Manager,Travel_Rarely,"Life Sciences",11557,5,0,1,4,3,2,No,30-40,"High Salary",0
614,18,Male,Sales,"Sales Representative",Travel_Frequently,Marketing,1878,0,0,0,2,2,3,Yes,"Under 30","Low Salary",1
615,40,Male,Sales,"Sales Executive",Non-Travel,Other,10932,1,0,1,1,3,3,No,30-40,"High Salary",0
616,41,Female,"Research & Development","Healthcare Representative",Non-Travel,Other,6811,8,0,7,3,1,3,No,40+,"Medium Salary",0
618,26,Male,Sales,"Sales Executive",Travel_Rarely,Medical,4306,0,0,0,3,1,3,No,"Under 30","Low Salary",0
620,35,Female,Sales,"Sales Executive",Travel_Rarely,Medical,4859,5,0,3,3,1,3,No,30-40,"Low Salary",0
621,34,Male,Sales,"Sales Executive",Travel_Rarely,"Life Sciences",5337,10,5,7,4,4,3,No,30-40,"Medium Salary",0
622,26,Male,"Research & Development","Laboratory Technician",Travel_Rarely,"Technical Degree",2340,1,0,0,4,3,1,Yes,"Under 30","Low Salary",1
623,37,Female,"Research & Development","Manufacturing Director",Travel_Rarely,"Technical Degree",7491,6,1,2,4,2,4,No,30-40,"Medium Salary",0
624,46,Female,"Research & Development","Healthcare Representative",Travel_Frequently,Medical,10527,2,1,2,3,1,2,No,40+,"High Salary",0
625,41,Female,Sales,Manager,Travel_Rarely,"Life Sciences",16595,18,11,8,1,2,3,No,40+,"High Salary",0
626,37,Male,Sales,"Sales Executive",Non-Travel,Medical,8834,9,7,7,2,1,3,No,30-40,"Medium Salary",0
630,52,Male,"Research & Development","Research Scientist",Travel_Rarely,"Technical Degree",5577,10,6,9,1,4,3,No,40+,"Medium Salary",0
631,32,Male,Sales,"Sales Executive",Non-Travel,Other,4707,4,1,2,3,4,3,Yes,30-40,"Low Salary",1
632,24,Male,Sales,"Sales Representative",Travel_Frequently,Medical,2400,2,2,1,4,4,3,No,"Under 30","Low Salary",0
634,38,Female,"Research & Development","Healthcare Representative",Travel_Rarely,Medical,9824,1,0,0,3,3,3,No,30-40,"Medium Salary",0
635,37,Female,"Research & Development","Manufacturing Director",Travel_Rarely,"Life Sciences",6447,6,4,3,2,2,2,No,30-40,"Medium Salary",0
638,49,Male,"Research & Development","Research Director",Travel_Rarely,"Life Sciences",19502,31,0,9,3,4,3,No,40+,"High Salary",0
639,24,Male,"Research & Development","Research Scientist",Travel_Rarely,Medical,2725,6,1,4,4,2,3,No,"Under 30","Low Salary",0
641,26,Male,Sales,"Sales Executive",Travel_Rarely,Marketing,6272,5,1,4,2,1,4,No,"Under 30","Medium Salary",0
643,24,Male,"Research & Development","Laboratory Technician",Travel_Rarely,Other,2127,1,0,0,2,4,3,No,"Under 30","Low Salary",0
644,50,Male,"Human Resources",Manager,Travel_Frequently,Medical,18200,32,10,7,2,1,3,No,40+,"High Salary",0
645,25,Male,Sales,"Sales Representative",Travel_Rarely,Medical,2096,7,0,6,3,2,3,No,"Under 30","Low Salary",0
647,24,Female,"Research & Development","Laboratory Technician",Travel_Frequently,"Life Sciences",2886,6,1,2,3,1,3,Yes,"Under 30","Low Salary",1
648,30,Male,Sales,"Sales Representative",Travel_Frequently,"Life Sciences",2033,1,0,0,1,2,4,Yes,30-40,"Low Salary",1
649,34,Male,"Research & Development","Research Scientist",Travel_Rarely,"Life Sciences",3622,6,1,3,4,2,3,No,30-40,"Low Salary",0
650,31,Male,Sales,"Sales Executive",Travel_Rarely,Medical,4233,3,1,2,1,2,1,Yes,30-40,"Low Salary",1
652,35,Male,"Research & Development","Laboratory Technician",Travel_Rarely,Other,3681,3,0,2,4,1,3,No,30-40,"Low Salary",0
653,31,Male,Sales,"Sales Executive",Travel_Rarely,Medical,5460,7,5,7,4,1,4,No,30-40,"Medium Salary",0
655,27,Female,"Research & Development","Research Scientist",Travel_Rarely,Medical,2187,5,0,3,3,1,2,No,"Under 30","Low Salary",0
656,37,Male,Sales,"Sales Executive",Travel_Rarely,Marketing,9602,3,1,0,3,4,2,No,30-40,"Medium Salary",0
657,20,Female,"Research & Development","Research Scientist",Travel_Rarely,"Life Sciences",2836,1,0,0,2,4,4,No,"Under 30","Low Salary",0
659,42,Female,"Research & Development","Healthcare Representative",Travel_Rarely,"Life Sciences",4089,10,2,2,4,3,3,No,40+,"Low Salary",0
661,43,Male,"Research & Development","Research Director",Travel_Rarely,Other,16627,1,0,0,4,2,2,No,40+,"High Salary",0
662,38,Female,"Research & Development","Research Scientist",Travel_Rarely,"Life Sciences",2619,0,0,0,1,3,2,No,30-40,"Low Salary",0
663,43,Male,"Research & Development","Laboratory Technician",Travel_Frequently,Medical,5679,8,4,7,3,4,3,No,40+,"Medium Salary",0
664,48,Female,"Research & Development",Manager,Travel_Rarely,"Life Sciences",15402,3,0,2,1,4,1,No,40+,"High Salary",0
665,44,Female,"Human Resources","Human Resources",Travel_Rarely,"Life Sciences",5985,2,0,2,3,1,4,No,40+,"Medium Salary",0
666,34,Female,Sales,"Sales Representative",Travel_Rarely,"Technical Degree",2579,8,0,6,3,3,3,No,30-40,"Low Salary",0
667,27,Male,Sales,"Sales Representative",Travel_Rarely,Marketing,3041,4,0,2,1,3,3,Yes,"Under 30","Low Salary",1
669,21,Male,Sales,"Sales Representative",Travel_Rarely,"Technical Degree",3447,3,1,2,3,3,3,No,"Under 30","Low Salary",0
671,44,Male,"Research & Development",Manager,Travel_Rarely,Other,19513,2,0,1,4,4,4,No,40+,"High Salary",0
675,22,Male,"Research & Development","Research Scientist",Travel_Rarely,Medical,2773,2,2,2,3,1,3,No,"Under 30","Low Salary",0
677,33,Male,Sales,"Sales Executive",Travel_Rarely,Marketing,7104,5,1,2,3,3,3,No,30-40,"Medium Salary",0
679,32,Female,"Research & Development","Research Scientist",Travel_Rarely,"Life Sciences",6322,6,0,5,4,1,2,No,30-40,"Medium Salary",0
680,30,Female,"Research & Development","Research Scientist",Travel_Frequently,Medical,2083,1,0,0,3,3,3,No,30-40,"Low Salary",0
682,53,Female,Sales,"Sales Executive",Travel_Rarely,Medical,8381,14,8,10,1,4,4,No,40+,"Medium Salary",0
683,34,Male,"Research & Development","Research Scientist",Travel_Rarely,"Life Sciences",2691,10,8,8,4,2,2,No,30-40,"Low Salary",0
684,45,Female,Sales,"Sales Executive",Travel_Frequently,"Life Sciences",4286,1,0,0,1,1,3,Yes,40+,"Low Salary",1
686,26,Female,"Research & Development","Laboratory Technician",Travel_Rarely,"Life Sciences",2659,3,0,2,4,3,3,No,"Under 30","Low Salary",0
689,37,Male,"Research & Development","Manufacturing Director",Travel_Rarely,Other,9434,10,7,8,3,3,3,No,30-40,"Medium Salary",0
690,29,Female,Sales,"Sales Executive",Travel_Rarely,Medical,5561,6,1,2,3,2,2,No,"Under 30","Medium Salary",0
691,35,Male,"Research & Development","Research Scientist",Travel_Rarely,"Life Sciences",6646,17,11,8,4,2,3,No,30-40,"Medium Salary",0
692,33,Male,"Research & Development","Healthcare Representative",Travel_Frequently,"Life Sciences",7725,13,4,7,4,3,1,No,30-40,"Medium Salary",0
698,54,Male,"Human Resources","Human Resources",Travel_Rarely,Medical,10725,9,7,1,2,3,4,No,40+,"High Salary",0
699,36,Male,"Research & Development","Manufacturing Director",Travel_Rarely,Medical,8847,3,0,2,2,2,3,No,30-40,"Medium Salary",0
700,27,Male,"Research & Development","Research Scientist",Travel_Rarely,Medical,2045,4,1,1,4,1,3,No,"Under 30","Low Salary",0
701,20,Male,"Research & Development","Research Scientist",Travel_Rarely,Medical,1009,1,1,1,3,4,3,Yes,"Under 30","Low Salary",1
702,33,Male,"Research & Development","Research Scientist",Travel_Frequently,"Life Sciences",3348,10,9,7,1,1,3,Yes,30-40,"Low Salary",1
704,35,Male,"Research & Development","Laboratory Technician",Non-Travel,"Life Sciences",1281,1,0,0,3,3,3,No,30-40,"Low Salary",0
705,23,Male,"Research & Development","Research Scientist",Travel_Rarely,Medical,2819,3,0,2,1,1,4,No,"Under 30","Low Salary",0
707,25,Male,Sales,"Sales Executive",Travel_Rarely,"Life Sciences",4851,3,1,2,2,4,3,No,"Under 30","Low Salary",0
709,38,Female,Sales,"Sales Executive",Travel_Rarely,Marketing,4028,7,0,5,4,4,3,No,30-40,"Low Salary",0
710,29,Male,"Research & Development","Research Scientist",Travel_Frequently,"Life Sciences",2720,10,2,8,4,2,3,No,"Under 30","Low Salary",0
712,48,Male,Sales,"Sales Executive",Travel_Rarely,Marketing,8120,2,2,2,2,2,3,No,40+,"Medium Salary",0
714,27,Female,Sales,"Sales Executive",Travel_Frequently,Medical,4647,6,0,4,4,4,3,No,"Under 30","Low Salary",0
715,37,Male,"Research & Development","Research Scientist",Travel_Rarely,"Life Sciences",4680,1,0,0,4,4,3,No,30-40,"Low Salary",0
716,50,Male,"Research & Development","Laboratory Technician",Travel_Rarely,Medical,3221,20,3,8,3,4,3,No,40+,"Low Salary",0
717,34,Female,"Research & Development","Healthcare Representative",Travel_Rarely,Medical,8621,8,7,7,2,4,4,No,30-40,"Medium Salary",0
720,24,Female,Sales,"Sales Executive",Travel_Rarely,"Life Sciences",4577,2,2,0,3,1,3,Yes,"Under 30","Low Salary",1
721,39,Female,"Research & Development","Healthcare Representative",Travel_Rarely,"Technical Degree",4553,20,11,10,3,4,3,No,30-40,"Low Salary",0
722,32,Male,Sales,"Sales Executive",Travel_Rarely,Marketing,5396,10,0,8,4,4,2,No,30-40,"Medium Salary",0
723,50,Male,Sales,"Sales Executive",Travel_Frequently,"Technical Degree",6796,4,1,3,3,2,3,Yes,40+,"Medium Salary",1
724,38,Female,"Research & Development","Healthcare Representative",Travel_Rarely,"Life Sciences",7625,9,1,8,4,2,2,No,30-40,"Medium Salary",0
725,27,Female,"Research & Development","Manufacturing Director",Travel_Rarely,"Life Sciences",7412,9,0,7,1,3,3,No,"Under 30","Medium Salary",0
727,32,Female,"Research & Development","Research Director",Travel_Rarely,"Life Sciences",11159,7,7,7,4,3,3,No,30-40,"High Salary",0
728,47,Male,Sales,"Sales Executive",Travel_Rarely,Marketing,4960,7,1,7,1,4,3,No,40+,"Low Salary",0
729,40,Male,Sales,"Sales Executive",Travel_Frequently,"Life Sciences",10475,18,1,12,1,4,3,No,30-40,"High Salary",0
730,53,Male,"Research & Development","Research Director",Travel_Rarely,"Life Sciences",14814,5,1,3,3,3,3,No,40+,"High Salary",0
731,41,Male,"Human Resources",Manager,Travel_Rarely,"Human Resources",19141,21,12,6,4,2,2,No,40+,"High Salary",0
732,60,Male,Sales,"Sales Executive",Travel_Rarely,Marketing,5405,2,2,2,1,1,3,No,40+,"Medium Salary",0
733,27,Male,"Research & Development","Manufacturing Director",Travel_Frequently,"Life Sciences",8793,9,1,7,1,4,2,No,"Under 30","Medium Salary",0
734,41,Male,"Human Resources",Manager,Travel_Rarely,"Human Resources",19189,22,2,10,3,4,3,No,40+,"High Salary",0
738,50,Male,Sales,"Sales Representative",Travel_Rarely,Marketing,3875,2,2,2,2,4,3,No,40+,"Low Salary",0
741,28,Female,"Research & Development","Research Scientist",Travel_Rarely,"Life Sciences",2216,7,3,7,2,1,3,Yes,"Under 30","Low Salary",1
742,36,Female,"Research & Development","Research Director",Non-Travel,"Life Sciences",11713,8,0,5,1,1,3,No,30-40,"High Salary",0
743,38,Female,"Research & Development","Manufacturing Director",Travel_Rarely,"Life Sciences",7861,1,0,0,3,3,4,No,30-40,"Medium Salary",0
744,44,Male,"Research & Development","Laboratory Technician",Non-Travel,Medical,3708,5,1,4,3,1,3,No,40+,"Low Salary",0
746,47,Female,Sales,"Sales Executive",Travel_Frequently,Medical,13770,22,11,13,3,4,2,No,40+,"High Salary",0
747,30,Male,Sales,"Sales Executive",Travel_Rarely,Marketing,5304,8,7,7,4,3,2,No,30-40,"Medium Salary",0
749,29,Male,Sales,"Sales Representative",Travel_Rarely,"Life Sciences",2642,1,0,0,3,3,3,No,"Under 30","Low Salary",0
752,42,Male,"Research & Development","Research Scientist",Travel_Frequently,Medical,2759,2,2,2,3,3,3,Yes,40+,"Low Salary",1
754,43,Male,Sales,"Sales Executive",Travel_Frequently,"Life Sciences",6804,2,2,2,4,4,3,No,40+,"Medium Salary",0
757,34,Female,"Research & Development","Healthcare Representative",Travel_Rarely,Medical,6142,5,4,3,3,2,3,No,30-40,"Medium Salary",0
758,23,Male,"Research & Development","Laboratory Technician",Travel_Rarely,Medical,2500,4,0,2,1,2,4,No,"Under 30","Low Salary",0
760,39,Female,"Human Resources","Human Resources",Travel_Rarely,"Human Resources",6389,8,3,6,2,3,1,No,30-40,"Medium Salary",0
762,56,Male,"Research & Development","Healthcare Representative",Travel_Rarely,Medical,11103,10,1,1,4,3,2,No,40+,"High Salary",0
763,40,Female,"Research & Development","Research Scientist",Travel_Rarely,Medical,2342,4,2,3,4,4,2,No,30-40,"Low Salary",0
764,27,Female,"Research & Development","Healthcare Representative",Travel_Rarely,Medical,6811,7,0,7,1,4,1,No,"Under 30","Medium Salary",0
766,29,Male,Sales,"Sales Representative",Travel_Rarely,Marketing,2297,2,2,2,2,4,3,No,"Under 30","Low Salary",0
769,53,Male,"Research & Development","Laboratory Technician",Travel_Rarely,"Life Sciences",2450,2,2,2,4,4,3,No,40+,"Low Salary",0
771,35,Female,"Research & Development","Healthcare Representative",Non-Travel,"Life Sciences",5093,1,0,0,1,4,4,No,30-40,"Medium Salary",0
772,32,Male,"Research & Development","Laboratory Technician",Travel_Frequently,"Life Sciences",5309,10,4,7,4,1,3,No,30-40,"Medium Salary",0
773,38,Male,"Research & Development","Research Scientist",Travel_Rarely,Medical,3057,1,0,1,3,4,1,No,30-40,"Low Salary",0
775,34,Female,"Research & Development","Manufacturing Director",Travel_Rarely,"Life Sciences",5121,0,0,0,1,2,3,No,30-40,"Medium Salary",0
776,52,Male,Sales,Manager,Travel_Rarely,Marketing,16856,34,1,16,1,3,4,No,40+,"High Salary",0
780,33,Male,"Research & Development","Research Scientist",Travel_Rarely,Other,2686,10,7,8,4,4,2,Yes,30-40,"Low Salary",1
781,25,Female,Sales,"Sales Executive",Travel_Rarely,Medical,6180,6,1,4,4,3,2,No,"Under 30","Medium Salary",0
783,45,Male,Sales,"Sales Representative",Travel_Rarely,"Technical Degree",6632,8,3,1,3,2,3,No,40+,"Medium Salary",0
784,23,Male,"Research & Development","Research Scientist",Travel_Rarely,Medical,3505,2,0,2,3,1,3,No,"Under 30","Low Salary",0
785,47,Female,Sales,"Sales Executive",Travel_Frequently,"Life Sciences",6397,5,1,3,3,2,3,Yes,40+,"Medium Salary",1
786,34,Male,Sales,"Sales Executive",Travel_Rarely,Other,6274,6,1,4,4,4,3,No,30-40,"Medium Salary",0
787,55,Male,"Research & Development",Manager,Travel_Rarely,Medical,19859,5,1,4,1,4,3,Yes,40+,"High Salary",1
789,36,Male,Sales,"Sales Executive",Non-Travel,"Life Sciences",7587,10,0,9,1,1,3,No,30-40,"Medium Salary",0
791,52,Male,"Research & Development","Research Scientist",Non-Travel,Medical,4258,4,1,2,4,4,3,No,40+,"Low Salary",0
792,26,Female,"Research & Development","Laboratory Technician",Travel_Frequently,"Life Sciences",4364,2,2,0,4,1,3,No,"Under 30","Low Salary",0
793,29,Female,"Research & Development","Healthcare Representative",Travel_Rarely,Medical,4335,8,1,1,3,2,2,No,"Under 30","Low Salary",0
796,26,Male,Sales,"Sales Executive",Travel_Rarely,"Technical Degree",5326,4,1,2,1,4,2,Yes,"Under 30","Medium Salary",1
797,34,Female,"Research & Development","Research Scientist",Travel_Rarely,"Life Sciences",3280,4,1,3,4,2,3,No,30-40,"Low Salary",0
799,54,Female,"Research & Development","Manufacturing Director",Travel_Rarely,Medical,5485,5,1,4,1,4,3,No,40+,"Medium Salary",0
800,27,Male,Sales,"Sales Executive",Travel_Frequently,Marketing,4342,4,1,1,4,3,3,No,"Under 30","Low Salary",0
802,37,Female,"Research & Development","Research Scientist",Travel_Rarely,"Life Sciences",2782,5,4,3,1,4,2,No,30-40,"Low Salary",0
803,38,Female,"Research & Development","Manufacturing Director",Travel_Frequently,"Life Sciences",5980,15,4,12,1,1,3,No,30-40,"Medium Salary",0
804,34,Female,"Research & Development","Research Scientist",Travel_Rarely,Medical,4381,6,1,3,1,3,3,No,30-40,"Low Salary",0
805,35,Female,Sales,"Sales Representative",Travel_Rarely,"Life Sciences",2572,3,0,2,4,1,2,No,30-40,"Low Salary",0
806,30,Male,"Research & Development","Laboratory Technician",Travel_Rarely,"Life Sciences",3833,2,0,2,3,4,3,No,30-40,"Low Salary",0
807,40,Female,"Research & Development","Healthcare Representative",Travel_Frequently,Medical,4244,8,3,7,2,3,3,No,30-40,"Low Salary",0
808,34,Female,Sales,"Sales Executive",Travel_Rarely,"Life Sciences",6500,3,1,2,1,3,3,No,30-40,"Medium Salary",0
809,42,Male,"Research & Development",Manager,Travel_Frequently,"Life Sciences",18430,24,14,9,4,2,2,No,40+,"High Salary",0
811,23,Male,"Research & Development","Laboratory Technician",Travel_Rarely,"Life Sciences",1601,0,0,0,1,3,3,Yes,"Under 30","Low Salary",1
812,24,Male,"Research & Development","Laboratory Technician",Non-Travel,"Life Sciences",2694,1,0,0,2,3,3,No,"Under 30","Low Salary",0
813,52,Female,"Research & Development","Laboratory Technician",Travel_Rarely,"Life Sciences",3149,5,1,4,3,4,3,No,40+,"Low Salary",0
815,50,Male,"Research & Development","Research Director",Travel_Rarely,Medical,17639,4,0,3,3,3,3,No,40+,"High Salary",0
816,29,Female,"Research & Development","Laboratory Technician",Travel_Rarely,"Life Sciences",2319,1,0,0,1,2,3,Yes,"Under 30","Low Salary",1
817,33,Male,"Research & Development","Research Director",Travel_Rarely,Medical,11691,13,3,7,3,3,4,No,30-40,"High Salary",0
819,33,Female,Sales,"Sales Executive",Travel_Rarely,Marketing,5324,3,0,2,1,1,3,Yes,30-40,"Medium Salary",1
820,47,Female,"Research & Development",Manager,Travel_Rarely,Other,16752,26,3,0,4,3,2,No,40+,"High Salary",0
823,36,Female,"Research & Development","Manufacturing Director",Travel_Rarely,Other,5228,9,0,5,2,3,3,No,30-40,"Medium Salary",0
824,29,Male,"Research & Development","Research Scientist",Travel_Rarely,"Life Sciences",2700,10,0,7,3,3,3,No,"Under 30","Low Salary",0
825,58,Male,"Research & Development","Research Director",Travel_Rarely,"Life Sciences",19246,31,13,8,2,4,3,Yes,40+,"High Salary",1
826,35,Female,"Research & Development","Research Scientist",Travel_Rarely,"Life Sciences",2506,2,2,2,3,4,3,No,30-40,"Low Salary",0
827,42,Female,"Research & Development","Manufacturing Director",Travel_Rarely,"Life Sciences",6062,4,0,2,4,4,3,No,40+,"Medium Salary",0
828,28,Male,"Research & Development","Research Scientist",Travel_Rarely,Medical,4382,2,2,1,3,3,2,Yes,"Under 30","Low Salary",1
829,36,Male,"Human Resources","Human Resources",Travel_Rarely,"Human Resources",2143,5,0,4,2,3,3,No,30-40,"Low Salary",0
830,32,Female,"Research & Development","Manufacturing Director",Travel_Rarely,"Life Sciences",6162,14,6,8,3,3,3,No,30-40,"Medium Salary",0
832,40,Male,"Research & Development","Laboratory Technician",Travel_Frequently,Medical,5094,1,0,0,3,1,3,No,30-40,"Medium Salary",0
833,30,Female,"Research & Development","Manufacturing Director",Travel_Rarely,Medical,6877,0,0,0,4,3,2,No,30-40,"Medium Salary",0
834,45,Female,"Research & Development","Research Scientist",Travel_Rarely,"Life Sciences",2274,1,0,0,3,2,3,No,40+,"Low Salary",0
836,42,Male,"Research & Development","Manufacturing Director",Travel_Rarely,"Life Sciences",4434,9,7,8,2,2,2,No,40+,"Low Salary",0
837,38,Male,"Research & Development","Healthcare Representative",Travel_Frequently,"Life Sciences",6288,4,1,2,1,1,2,No,30-40,"Medium Salary",0
838,34,Female,"Research & Development","Research Scientist",Travel_Frequently,"Life Sciences",2553,5,1,3,4,3,3,No,30-40,"Low Salary",0
840,49,Female,Sales,"Sales Executive",Travel_Rarely,Marketing,7654,9,7,7,4,3,4,Yes,40+,"Medium Salary",1
842,55,Male,Sales,"Sales Executive",Travel_Rarely,Medical,5160,9,7,3,4,3,2,Yes,40+,"Medium Salary",1
843,43,Male,"Research & Development","Research Director",Travel_Rarely,"Life Sciences",17159,4,1,0,1,2,3,No,40+,"High Salary",0
844,27,Male,"Research & Development","Research Director",Travel_Rarely,"Technical Degree",12808,9,0,8,4,3,3,No,"Under 30","High Salary",0
845,35,Male,"Research & Development","Manufacturing Director",Travel_Rarely,Other,10221,8,1,6,3,3,4,No,30-40,"High Salary",0
846,28,Female,Sales,"Sales Executive",Travel_Rarely,Marketing,4779,8,7,5,2,2,3,No,"Under 30","Low Salary",0
847,34,Male,"Human Resources","Human Resources",Travel_Rarely,"Human Resources",3737,3,0,2,4,3,1,No,30-40,"Low Salary",0
848,26,Female,"Research & Development","Research Scientist",Travel_Frequently,Medical,2366,8,1,7,3,3,3,Yes,"Under 30","Low Salary",1
850,27,Male,"Research & Development","Research Scientist",Non-Travel,Medical,1706,0,0,0,4,4,2,No,"Under 30","Low Salary",0
851,51,Female,Sales,Manager,Travel_Rarely,Marketing,16307,20,4,17,3,1,2,No,40+,"High Salary",0
852,44,Male,"Research & Development","Healthcare Representative",Travel_Rarely,Medical,5933,5,2,3,2,4,2,No,40+,"Medium Salary",0
854,25,Male,"Research & Development","Research Scientist",Travel_Rarely,Medical,3424,4,0,1,1,1,2,No,"Under 30","Low Salary",0
855,33,Male,Sales,"Sales Executive",Travel_Rarely,Medical,4037,9,0,8,1,1,3,No,30-40,"Low Salary",0
856,35,Female,"Research & Development","Research Scientist",Travel_Rarely,Medical,2559,6,1,1,1,3,2,No,30-40,"Low Salary",0
857,36,Male,Sales,"Sales Executive",Travel_Rarely,"Life Sciences",6201,18,4,11,4,2,2,No,30-40,"Medium Salary",0
859,32,Male,Sales,"Sales Executive",Travel_Rarely,"Life Sciences",4403,5,0,3,4,2,2,No,30-40,"Low Salary",0
861,30,Male,"Research & Development","Research Scientist",Travel_Frequently,"Life Sciences",3761,5,0,3,4,2,2,No,30-40,"Low Salary",0
862,53,Female,Sales,"Sales Executive",Travel_Rarely,Marketing,10934,5,0,4,4,1,3,No,40+,"High Salary",0
864,45,Male,Sales,"Sales Executive",Travel_Rarely,Marketing,10761,5,0,2,1,4,3,No,40+,"High Salary",0
865,32,Female,"Research & Development","Research Scientist",Travel_Rarely,Medical,5175,5,1,3,3,3,2,No,30-40,"Medium Salary",0
867,52,Female,"Research & Development","Manufacturing Director",Travel_Frequently,Medical,13826,9,0,0,4,3,3,No,40+,"High Salary",0
868,37,Male,Sales,"Sales Executive",Travel_Rarely,Marketing,6334,1,0,0,3,4,3,No,30-40,"Medium Salary",0
869,28,Male,"Human Resources","Human Resources",Travel_Rarely,Medical,4936,5,0,4,4,2,3,No,"Under 30","Low Salary",0
872,22,Male,"Research & Development","Manufacturing Director",Travel_Rarely,"Life Sciences",4775,2,2,2,4,4,1,No,"Under 30","Low Salary",0
874,44,Male,"Research & Development","Laboratory Technician",Travel_Rarely,"Life Sciences",2818,3,0,2,4,1,2,No,40+,"Low Salary",0
875,42,Male,"Research & Development","Research Scientist",Travel_Frequently,Medical,2515,2,2,2,4,2,3,No,40+,"Low Salary",0
878,36,Male,"Human Resources","Human Resources",Travel_Rarely,"Life Sciences",2342,5,0,3,1,1,3,No,30-40,"Low Salary",0
879,25,Male,Sales,"Sales Executive",Travel_Rarely,Other,4194,5,0,3,1,3,3,No,"Under 30","Low Salary",0
880,35,Female,"Research & Development","Manufacturing Director",Travel_Rarely,"Life Sciences",10685,17,5,15,3,4,3,No,30-40,"High Salary",0
881,35,Female,"Research & Development","Research Scientist",Travel_Frequently,"Life Sciences",2022,10,7,8,2,4,2,Yes,30-40,"Low Salary",1
882,32,Male,"Research & Development","Laboratory Technician",Non-Travel,"Life Sciences",2314,3,0,2,4,4,3,No,30-40,"Low Salary",0
885,25,Male,Sales,"Sales Executive",Travel_Rarely,Marketing,4256,5,0,3,1,3,4,No,"Under 30","Low Salary",0
887,49,Female,"Research & Development","Research Scientist",Travel_Rarely,"Technical Degree",3580,4,0,2,1,3,3,No,40+,"Low Salary",0
888,24,Male,"Research & Development","Laboratory Technician",Non-Travel,"Life Sciences",3162,5,3,4,4,1,2,No,"Under 30","Low Salary",0
889,32,Male,Sales,"Sales Executive",Travel_Frequently,"Life Sciences",6524,10,5,3,2,2,3,No,30-40,"Medium Salary",0
893,38,Male,Sales,"Sales Representative",Travel_Rarely,Marketing,2899,2,1,2,2,2,3,No,30-40,"Low Salary",0
894,42,Female,"Research & Development","Laboratory Technician",Travel_Rarely,"Life Sciences",5231,5,1,3,4,3,2,No,40+,"Medium Salary",0
895,31,Male,"Research & Development","Research Scientist",Travel_Rarely,"Life Sciences",2356,6,0,2,4,4,3,No,30-40,"Low Salary",0
896,29,Female,Sales,"Sales Representative",Travel_Rarely,Medical,2800,3,0,2,3,2,3,Yes,"Under 30","Low Salary",1
897,53,Male,Sales,"Sales Executive",Travel_Rarely,Marketing,11836,2,2,2,4,1,3,No,40+,"High Salary",0
899,35,Male,"Research & Development","Manufacturing Director",Travel_Rarely,"Technical Degree",10903,13,4,8,2,4,3,No,30-40,"High Salary",0
900,37,Female,Sales,"Sales Representative",Travel_Frequently,Medical,2973,5,0,0,4,3,3,No,30-40,"Low Salary",0
901,53,Female,"Research & Development","Research Director",Travel_Rarely,"Life Sciences",14275,12,3,8,4,4,3,No,40+,"High Salary",0
902,43,Female,"Research & Development","Healthcare Representative",Travel_Frequently,"Life Sciences",5562,5,2,2,4,4,2,No,40+,"Medium Salary",0
903,47,Female,Sales,"Sales Executive",Travel_Rarely,Marketing,4537,7,7,7,4,3,3,No,40+,"Low Salary",0
904,37,Male,Sales,"Sales Executive",Non-Travel,Medical,7642,10,0,9,2,1,3,No,30-40,"Medium Salary",0
905,50,Male,"Research & Development",Manager,Non-Travel,"Life Sciences",17924,31,14,7,1,1,3,No,40+,"High Salary",0
909,39,Female,"Human Resources","Human Resources",Travel_Rarely,"Life Sciences",5204,5,0,4,4,4,3,No,30-40,"Medium Salary",0
910,33,Male,"Human Resources","Human Resources",Travel_Rarely,"Human Resources",2277,4,0,3,2,4,4,No,30-40,"Low Salary",0
911,32,Male,"Research & Development","Laboratory Technician",Travel_Rarely,"Life Sciences",2795,1,0,1,4,1,1,Yes,30-40,"Low Salary",1
912,29,Female,"Research & Development","Laboratory Technician",Travel_Rarely,Medical,2532,4,0,3,4,1,3,No,"Under 30","Low Salary",0
913,44,Male,"Research & Development","Research Scientist",Travel_Rarely,"Life Sciences",2559,8,7,1,1,2,3,No,40+,"Low Salary",0
916,28,Male,Sales,"Sales Executive",Travel_Rarely,Medical,4908,4,0,2,4,1,3,No,"Under 30","Low Salary",0
918,58,Male,"Research & Development","Laboratory Technician",Travel_Frequently,"Life Sciences",2380,1,0,0,4,4,2,Yes,40+,"Low Salary",1
920,43,Female,"Research & Development","Manufacturing Director",Travel_Rarely,"Life Sciences",4765,1,0,0,2,1,4,No,40+,"Low Salary",0
922,20,Female,Sales,"Sales Representative",Travel_Rarely,Medical,2044,2,0,2,3,3,2,Yes,"Under 30","Low Salary",1
923,21,Female,"Research & Development","Research Scientist",Travel_Rarely,Other,2693,1,0,0,4,4,2,Yes,"Under 30","Low Salary",1
924,36,Male,"Research & Development","Healthcare Representative",Travel_Rarely,"Life Sciences",6586,16,4,11,4,3,2,No,30-40,"Medium Salary",0
925,47,Female,Sales,"Sales Representative",Travel_Rarely,"Life Sciences",3294,3,1,2,4,4,2,No,40+,"Low Salary",0
926,22,Female,"Research & Development","Manufacturing Director",Travel_Rarely,"Life Sciences",4171,3,0,2,3,2,4,Yes,"Under 30","Low Salary",1
927,41,Female,"Research & Development","Laboratory Technician",Travel_Rarely,"Life Sciences",2778,7,1,0,4,2,2,Yes,40+,"Low Salary",1
930,28,Female,"Research & Development","Research Scientist",Travel_Rarely,Medical,2377,2,2,2,3,3,3,No,"Under 30","Low Salary",0
932,39,Male,"Research & Development","Laboratory Technician",Travel_Rarely,Medical,2404,2,2,2,1,4,1,Yes,30-40,"Low Salary",1
933,27,Female,"Research & Development","Research Scientist",Travel_Rarely,"Life Sciences",2318,1,0,0,3,2,3,No,"Under 30","Low Salary",0
934,34,Male,"Research & Development","Laboratory Technician",Travel_Rarely,"Life Sciences",2008,1,1,0,2,2,3,No,30-40,"Low Salary",0
936,42,Female,Sales,"Sales Executive",Travel_Rarely,Medical,6244,5,0,3,3,3,3,No,40+,"Medium Salary",0
939,33,Male,"Research & Development","Research Scientist",Travel_Rarely,Other,2799,3,0,2,1,3,3,No,30-40,"Low Salary",0
940,58,Female,"Research & Development","Healthcare Representative",Travel_Rarely,"Technical Degree",10552,6,0,4,2,3,3,No,40+,"High Salary",0
941,31,Male,Sales,"Sales Representative",Travel_Rarely,"Life Sciences",2329,7,5,2,3,2,4,No,30-40,"Low Salary",0
942,35,Female,"Research & Development","Healthcare Representative",Travel_Rarely,"Life Sciences",4014,10,0,7,4,4,1,No,30-40,"Low Salary",0
944,49,Female,"Research & Development","Laboratory Technician",Travel_Rarely,Other,7403,26,1,7,2,1,2,No,40+,"Medium Salary",0
945,48,Male,"Research & Development","Research Scientist",Travel_Rarely,Medical,2259,0,0,0,3,4,2,No,40+,"Low Salary",0
947,31,Female,Sales,"Sales Executive",Non-Travel,Marketing,6932,9,0,0,3,4,2,No,30-40,"Medium Salary",0
949,36,Male,"Research & Development","Research Scientist",Travel_Rarely,Other,4678,6,0,1,4,2,3,No,30-40,"Low Salary",0
950,38,Female,"Research & Development","Research Director",Travel_Rarely,"Technical Degree",13582,15,5,11,1,4,3,No,30-40,"High Salary",0
951,32,Female,"Research & Development","Laboratory Technician",Non-Travel,"Life Sciences",2332,3,0,2,2,3,3,No,30-40,"Low Salary",0
952,25,Male,Sales,"Sales Representative",Travel_Rarely,Marketing,2413,1,0,0,2,3,3,Yes,"Under 30","Low Salary",1
954,40,Male,Sales,"Sales Executive",Travel_Rarely,Marketing,9705,1,0,0,2,1,2,No,30-40,"Medium Salary",0
956,26,Male,Sales,"Sales Executive",Travel_Frequently,Medical,4294,7,0,7,1,3,3,No,"Under 30","Low Salary",0
957,41,Male,"Research & Development","Laboratory Technician",Travel_Rarely,Medical,4721,18,2,17,1,4,3,No,40+,"Low Salary",0
958,36,Male,"Research & Development","Laboratory Technician",Travel_Rarely,Medical,2519,11,3,9,3,3,3,No,30-40,"Low Salary",0
959,19,Male,Sales,"Sales Representative",Travel_Rarely,Other,2121,1,0,0,2,4,4,Yes,"Under 30","Low Salary",1
960,20,Male,"Research & Development","Laboratory Technician",Travel_Rarely,"Technical Degree",2973,1,0,0,1,1,3,Yes,"Under 30","Low Salary",1
961,31,Female,"Research & Development","Healthcare Representative",Travel_Rarely,Medical,5855,9,8,5,4,4,1,No,30-40,"Medium Salary",0
964,40,Male,"Research & Development","Research Scientist",Travel_Frequently,Medical,3617,1,0,0,2,4,3,No,30-40,"Low Salary",0
966,32,Female,"Research & Development","Manufacturing Director",Travel_Rarely,Medical,6725,8,6,3,1,3,4,No,30-40,"Medium Salary",0
967,36,Male,Sales,"Sales Executive",Travel_Rarely,"Life Sciences",10325,16,3,7,4,3,3,Yes,30-40,"High Salary",1
969,33,Female,"Research & Development","Healthcare Representative",Travel_Rarely,"Life Sciences",6949,5,1,4,4,2,3,No,30-40,"Medium Salary",0
970,37,Male,Sales,"Sales Executive",Travel_Rarely,"Life Sciences",10609,14,11,7,3,1,1,Yes,30-40,"High Salary",1
972,45,Male,"Research & Development","Laboratory Technician",Non-Travel,"Life Sciences",4447,9,0,8,2,3,2,No,40+,"Low Salary",0
974,29,Female,Sales,"Sales Representative",Travel_Frequently,"Technical Degree",2157,3,0,2,4,3,3,No,"Under 30","Low Salary",0
975,35,Female,Sales,"Sales Executive",Travel_Rarely,Medical,4601,5,1,0,3,3,3,No,30-40,"Low Salary",0
976,52,Male,"Research & Development",Manager,Travel_Rarely,"Life Sciences",17099,9,7,8,4,4,2,No,40+,"High Salary",0
977,58,Male,"Research & Development","Research Scientist",Travel_Rarely,"Technical Degree",2479,1,0,0,3,4,3,Yes,40+,"Low Salary",1
981,53,Male,Sales,Manager,Travel_Rarely,Medical,14852,17,15,2,3,3,4,No,40+,"High Salary",0
982,30,Male,Sales,"Sales Executive",Travel_Rarely,Other,7264,8,7,7,3,3,4,No,30-40,"Medium Salary",0
983,38,Female,Sales,"Sales Executive",Non-Travel,"Technical Degree",5666,5,1,3,4,3,3,No,30-40,"Medium Salary",0
984,35,Male,Sales,"Sales Executive",Travel_Rarely,"Life Sciences",7823,10,0,8,4,4,3,No,30-40,"Medium Salary",0
985,39,Male,Sales,"Sales Executive",Travel_Rarely,"Life Sciences",7880,8,0,7,3,1,3,No,30-40,"Medium Salary",0
986,40,Female,Sales,"Sales Executive",Non-Travel,"Life Sciences",13194,1,0,0,2,2,2,Yes,30-40,"High Salary",1
987,47,Male,"Research & Development","Manufacturing Director",Travel_Frequently,Medical,5067,19,2,7,3,3,4,No,40+,"Medium Salary",0
990,36,Male,Sales,"Sales Executive",Non-Travel,"Technical Degree",5079,7,0,7,4,1,3,No,30-40,"Medium Salary",0
991,31,Male,"Research & Development","Research Scientist",Non-Travel,Medical,2321,3,1,2,1,3,3,Yes,30-40,"Low Salary",1
992,33,Male,Sales,Manager,Non-Travel,"Life Sciences",17444,10,6,0,3,4,3,No,30-40,"High Salary",0
994,29,Female,"Research & Development","Research Scientist",Travel_Rarely,"Life Sciences",2404,0,0,0,1,4,3,Yes,"Under 30","Low Salary",1
995,33,Female,"Research & Development","Research Scientist",Travel_Rarely,"Life Sciences",3452,3,0,2,4,2,3,No,30-40,"Low Salary",0
996,45,Female,"Research & Development","Laboratory Technician",Travel_Rarely,Medical,2270,5,0,2,4,4,3,No,40+,"Low Salary",0
997,50,Male,"Research & Development","Research Director",Travel_Rarely,Medical,17399,5,1,3,4,4,2,No,40+,"High Salary",0
998,33,Female,"Research & Development","Healthcare Representative",Travel_Frequently,Other,5488,6,1,2,2,3,3,No,30-40,"Medium Salary",0
999,41,Male,"Research & Development","Research Director",Travel_Frequently,Medical,19419,18,0,11,3,1,4,No,40+,"High Salary",0
1001,27,Female,"Research & Development","Laboratory Technician",Travel_Rarely,"Technical Degree",2811,2,2,2,2,3,3,No,"Under 30","Low Salary",0
1002,45,Male,"Research & Development","Laboratory Technician",Non-Travel,"Life Sciences",3633,9,0,8,1,4,3,No,40+,"Low Salary",0
1003,47,Female,Sales,"Sales Executive",Travel_Rarely,"Life Sciences",4163,9,0,7,4,4,3,No,40+,"Low Salary",0
1004,30,Female,"Research & Development","Research Scientist",Travel_Rarely,"Life Sciences",2132,5,0,1,3,1,3,Yes,30-40,"Low Salary",1
1005,50,Male,"Research & Development","Manufacturing Director",Travel_Rarely,"Life Sciences",13973,12,1,5,3,4,3,No,40+,"High Salary",0
1006,38,Male,"Research & Development","Research Scientist",Travel_Frequently,Medical,2684,2,0,2,3,3,2,No,30-40,"Low Salary",0
1007,46,Male,"Research & Development","Manufacturing Director",Travel_Rarely,Medical,10845,8,0,7,3,4,3,No,40+,"High Salary",0
1009,24,Female,"Research & Development","Manufacturing Director",Travel_Rarely,Medical,4377,4,3,2,3,4,3,No,"Under 30","Low Salary",0
1010,35,Male,"Research & Development","Laboratory Technician",Travel_Rarely,Other,3743,4,0,2,2,3,1,Yes,30-40,"Low Salary",1
1011,31,Female,"Research & Development","Manufacturing Director",Travel_Frequently,"Life Sciences",4148,4,0,3,1,3,3,No,30-40,"Low Salary",0
1012,18,Male,"Research & Development","Research Scientist",Non-Travel,"Life Sciences",1051,0,0,0,4,2,3,No,"Under 30","Low Salary",0
1013,54,Female,"Research & Development","Manufacturing Director",Travel_Rarely,"Technical Degree",10739,10,0,8,3,3,3,No,40+,"High Salary",0
1014,35,Female,"Research & Development","Healthcare Representative",Travel_Rarely,Medical,10388,16,10,1,3,3,2,No,30-40,"High Salary",0
1015,30,Female,"Research & Development","Research Director",Travel_Rarely,"Life Sciences",11416,8,1,7,1,2,2,No,30-40,"High Salary",0
1016,20,Female,"Research & Development","Research Scientist",Travel_Rarely,Medical,2600,1,0,0,1,4,3,Yes,"Under 30","Low Salary",1
1017,30,Female,"Research & Development","Laboratory Technician",Travel_Frequently,Medical,2422,3,1,2,2,2,3,Yes,30-40,"Low Salary",1
1018,26,Male,"Research & Development","Manufacturing Director",Travel_Rarely,Medical,5472,8,1,3,4,4,3,No,"Under 30","Medium Salary",0
1019,22,Male,"Research & Development","Laboratory Technician",Travel_Rarely,"Life Sciences",2451,4,1,1,1,2,2,No,"Under 30","Low Salary",0
1022,48,Male,"Research & Development","Healthcare Representative",Travel_Rarely,"Life Sciences",4240,2,2,2,3,1,3,No,40+,"Low Salary",0
1024,48,Male,"Research & Development","Healthcare Representative",Travel_Rarely,"Life Sciences",10999,15,4,8,3,3,3,No,40+,"High Salary",0
1025,41,Female,"Research & Development","Manufacturing Director",Travel_Rarely,Medical,5003,2,2,1,3,4,3,No,40+,"Medium Salary",0
1026,39,Female,"Research & Development","Manufacturing Director",Travel_Rarely,"Life Sciences",12742,21,11,8,4,4,3,No,30-40,"High Salary",0
1027,27,Female,"Research & Development","Manufacturing Director",Travel_Rarely,"Life Sciences",4227,3,2,2,4,1,3,No,"Under 30","Low Salary",0
1028,35,Male,"Research & Development","Laboratory Technician",Travel_Rarely,Other,3917,3,1,2,4,2,2,No,30-40,"Low Salary",0
1029,42,Male,Sales,Manager,Travel_Rarely,Marketing,18303,1,0,0,3,4,4,No,40+,"High Salary",0
1030,50,Male,"Research & Development","Laboratory Technician",Travel_Rarely,"Life Sciences",2380,1,0,0,4,1,3,No,40+,"Low Salary",0
1032,59,Female,"Research & Development","Manufacturing Director",Travel_Rarely,"Life Sciences",13726,5,4,3,4,3,3,No,40+,"High Salary",0
1033,37,Female,"Research & Development","Healthcare Representative",Travel_Rarely,Medical,4777,1,0,0,2,1,1,Yes,30-40,"Low Salary",1
1034,55,Male,"Research & Development","Healthcare Representative",Travel_Frequently,Medical,6385,8,6,7,2,3,3,No,40+,"Medium Salary",0
1035,41,Female,"Research & Development","Research Director",Non-Travel,"Life Sciences",19973,21,5,10,3,2,3,No,40+,"High Salary",0
1036,38,Male,Sales,"Sales Executive",Travel_Rarely,"Life Sciences",6861,1,0,0,4,2,3,No,30-40,"Medium Salary",0
1037,26,Male,Sales,"Sales Executive",Non-Travel,Medical,4969,2,2,2,1,2,3,Yes,"Under 30","Low Salary",1
1038,52,Female,Sales,Manager,Travel_Rarely,Marketing,19845,32,6,9,4,1,3,Yes,40+,"High Salary",1
1039,44,Female,Sales,"Sales Executive",Travel_Rarely,Medical,13320,12,11,11,4,4,3,No,40+,"High Salary",0
1040,50,Female,Sales,"Sales Executive",Non-Travel,"Life Sciences",6347,18,0,13,3,4,3,No,40+,"Medium Salary",0
1042,36,Female,"Research & Development","Laboratory Technician",Travel_Rarely,"Life Sciences",2743,17,15,14,1,3,3,Yes,30-40,"Low Salary",1
1043,39,Female,"Research & Development","Manufacturing Director",Travel_Frequently,Medical,10880,21,2,8,1,4,3,No,30-40,"High Salary",0
1044,33,Female,Sales,"Sales Representative",Non-Travel,"Life Sciences",2342,2,2,2,4,2,2,No,30-40,"Low Salary",0
1045,45,Female,Sales,Manager,Travel_Rarely,"Life Sciences",17650,9,1,1,4,4,4,No,40+,"High Salary",0
1046,32,Female,"Research & Development","Laboratory Technician",Non-Travel,Medical,4025,8,7,7,3,4,3,No,30-40,"Low Salary",0
1047,34,Male,Sales,"Sales Executive",Travel_Rarely,Marketing,9725,15,0,9,4,2,2,No,30-40,"Medium Salary",0
1048,59,Male,Sales,Manager,Travel_Rarely,"Technical Degree",11904,6,0,4,4,2,1,No,40+,"High Salary",0
1049,45,Male,"Human Resources","Human Resources",Travel_Rarely,Medical,2177,6,0,4,2,2,3,No,40+,"Low Salary",0
1050,53,Female,Sales,"Sales Executive",Travel_Frequently,Marketing,7525,15,6,12,2,3,3,No,40+,"Medium Salary",0
1052,36,Male,"Research & Development","Laboratory Technician",Travel_Rarely,Other,4834,1,0,0,3,1,2,Yes,30-40,"Low Salary",1
1053,26,Male,"Research & Development","Research Scientist",Travel_Frequently,"Life Sciences",2042,3,1,2,1,1,3,Yes,"Under 30","Low Salary",1
1055,34,Female,Sales,"Sales Representative",Travel_Rarely,"Life Sciences",2220,1,0,0,3,3,3,No,30-40,"Low Salary",0
1056,28,Male,Sales,"Sales Representative",Travel_Rarely,Medical,1052,1,0,0,2,4,3,No,"Under 30","Low Salary",0
1060,38,Male,"Research & Development","Research Scientist",Travel_Frequently,Other,2821,2,2,2,3,3,3,No,30-40,"Low Salary",0
1061,50,Male,"Research & Development","Research Director",Travel_Rarely,Medical,19237,8,7,7,3,2,2,No,40+,"High Salary",0
1062,37,Female,"Research & Development","Healthcare Representative",Travel_Rarely,Other,4107,4,0,1,2,4,2,No,30-40,"Low Salary",0
1066,40,Male,Sales,"Sales Executive",Travel_Rarely,Marketing,8396,7,7,5,1,3,2,No,30-40,"Medium Salary",0
1068,26,Female,"Research & Development","Research Scientist",Travel_Frequently,Medical,2007,5,1,3,3,1,3,No,"Under 30","Low Salary",0
1069,46,Male,"Research & Development","Research Director",Travel_Rarely,Medical,19627,2,2,2,4,4,3,No,40+,"High Salary",0
1070,54,Female,Sales,"Sales Executive",Travel_Rarely,"Life Sciences",10686,9,7,0,3,3,3,No,40+,"High Salary",0
1071,56,Female,"Research & Development","Research Scientist",Travel_Frequently,Medical,2942,5,0,3,3,1,3,No,40+,"Low Salary",0
1073,36,Female,"Research & Development","Manufacturing Director",Travel_Rarely,Medical,8858,14,7,8,4,4,2,No,30-40,"Medium Salary",0
1074,55,Male,"Research & Development",Manager,Non-Travel,Medical,16756,9,6,2,1,3,4,No,40+,"High Salary",0
1076,43,Male,Sales,"Sales Executive",Travel_Rarely,Medical,10798,1,0,0,4,3,3,No,40+,"High Salary",0
1077,20,Female,Sales,"Sales Representative",Travel_Frequently,Marketing,2323,2,0,2,4,4,3,Yes,"Under 30","Low Salary",1
1079,21,Female,"Research & Development","Laboratory Technician",Travel_Rarely,"Life Sciences",1416,1,1,0,1,3,2,Yes,"Under 30","Low Salary",1
1080,46,Female,"Research & Development","Research Scientist",Travel_Rarely,"Life Sciences",4615,16,1,7,1,4,3,No,40+,"Low Salary",0
1081,51,Male,"Research & Development","Research Scientist",Travel_Rarely,"Life Sciences",2461,10,2,7,3,1,4,Yes,40+,"Low Salary",1
1082,28,Male,"Research & Development","Healthcare Representative",Non-Travel,"Technical Degree",8722,10,1,9,1,2,2,Yes,"Under 30","Medium Salary",1
1083,26,Male,"Research & Development","Laboratory Technician",Travel_Rarely,Medical,3955,5,1,3,1,1,3,No,"Under 30","Low Salary",0
1084,30,Male,"Research & Development","Manufacturing Director",Travel_Rarely,Other,9957,6,0,2,1,3,2,No,30-40,"Medium Salary",0
1085,41,Female,"Research & Development","Research Scientist",Travel_Rarely,"Technical Degree",3376,10,0,8,3,2,3,No,40+,"Low Salary",0
1088,38,Female,"Research & Development","Healthcare Representative",Travel_Rarely,"Life Sciences",8823,19,1,9,3,3,2,No,30-40,"Medium Salary",0
1092,40,Male,"Research & Development","Healthcare Representative",Travel_Rarely,"Technical Degree",10322,11,11,1,4,1,3,No,30-40,"High Salary",0
1094,27,Male,"Research & Development","Laboratory Technician",Non-Travel,"Life Sciences",4621,3,1,2,3,1,3,No,"Under 30","Low Salary",0
1096,55,Male,"Research & Development","Manufacturing Director",Travel_Frequently,"Life Sciences",10976,3,1,2,2,4,3,No,40+,"High Salary",0
1097,28,Female,"Research & Development","Research Scientist",Travel_Rarely,Other,3660,8,1,7,3,3,4,No,"Under 30","Low Salary",0
1098,44,Male,"Human Resources","Human Resources",Travel_Rarely,Medical,10482,20,3,6,1,2,3,Yes,40+,"High Salary",1
1099,33,Male,"Research & Development","Healthcare Representative",Travel_Rarely,"Life Sciences",7119,3,1,2,4,4,3,No,30-40,"Medium Salary",0
1100,35,Male,Sales,"Sales Executive",Travel_Rarely,"Technical Degree",9582,8,4,7,1,4,3,Yes,30-40,"Medium Salary",1
1101,33,Female,"Research & Development","Research Scientist",Travel_Frequently,Medical,4508,13,3,8,3,1,3,Yes,30-40,"Low Salary",1
1102,28,Male,"Research & Development","Laboratory Technician",Travel_Rarely,"Life Sciences",2207,4,2,2,3,1,2,No,"Under 30","Low Salary",0
1103,34,Male,"Research & Development","Healthcare Representative",Travel_Frequently,"Life Sciences",7756,6,0,4,4,1,2,No,30-40,"Medium Salary",0
1105,37,Female,Sales,"Sales Executive",Travel_Rarely,"Life Sciences",6694,1,0,0,4,4,3,No,30-40,"Medium Salary",0
1106,25,Male,"Research & Development","Laboratory Technician",Travel_Rarely,"Technical Degree",3691,7,5,6,4,4,4,Yes,"Under 30","Low Salary",1
1107,26,Male,"Research & Development","Laboratory Technician",Travel_Rarely,Medical,2377,1,0,0,3,1,2,Yes,"Under 30","Low Salary",1
1108,33,Male,"Research & Development","Research Scientist",Travel_Rarely,Medical,2313,2,2,2,2,1,3,Yes,30-40,"Low Salary",1
1109,42,Male,"Research & Development",Manager,Travel_Rarely,Medical,17665,22,13,7,1,4,3,No,40+,"High Salary",0
1111,28,Male,"Research & Development","Laboratory Technician",Travel_Frequently,Medical,2596,1,0,0,2,1,3,Yes,"Under 30","Low Salary",1
1113,50,Male,Sales,"Sales Executive",Travel_Frequently,Other,4728,0,0,0,3,4,3,Yes,40+,"Low Salary",1
1114,33,Female,Sales,"Sales Executive",Travel_Frequently,"Life Sciences",4302,3,0,2,2,4,3,No,30-40,"Low Salary",0
1115,34,Male,"Research & Development","Research Scientist",Non-Travel,"Life Sciences",2979,0,0,0,4,3,3,No,30-40,"Low Salary",0
1116,48,Male,"Research & Development",Manager,Non-Travel,Medical,16885,5,2,1,4,1,2,No,40+,"High Salary",0
1117,45,Female,Sales,"Sales Executive",Non-Travel,"Life Sciences",5593,15,4,12,3,2,3,No,40+,"Medium Salary",0
1118,52,Male,"Research & Development","Healthcare Representative",Travel_Rarely,"Life Sciences",10445,8,4,0,2,2,3,No,40+,"High Salary",0
1119,38,Male,Sales,"Sales Executive",Travel_Rarely,Marketing,8740,8,2,7,3,3,3,No,30-40,"Medium Salary",0
1120,29,Female,"Research & Development","Research Scientist",Travel_Rarely,"Life Sciences",2514,7,1,7,4,3,3,No,"Under 30","Low Salary",0
1121,28,Female,"Research & Development","Manufacturing Director",Travel_Rarely,Medical,7655,9,1,7,2,4,2,No,"Under 30","Medium Salary",0
1124,46,Male,Sales,Manager,Travel_Rarely,Marketing,17465,12,4,9,3,1,3,No,40+,"High Salary",0
1125,38,Male,Sales,"Sales Executive",Travel_Rarely,Marketing,7351,1,0,0,2,4,3,No,30-40,"Medium Salary",0
1126,43,Female,"Research & Development","Manufacturing Director",Travel_Frequently,"Life Sciences",10820,8,0,1,1,3,3,No,40+,"High Salary",0
1127,39,Male,"Research & Development","Healthcare Representative",Travel_Frequently,"Life Sciences",12169,18,11,5,4,1,3,Yes,30-40,"High Salary",1
1128,40,Male,"Research & Development","Research Director",Travel_Rarely,Medical,19626,20,4,9,3,3,4,No,30-40,"High Salary",0
1131,21,Female,"Research & Development","Research Scientist",Travel_Rarely,"Technical Degree",2070,2,2,2,2,4,4,No,"Under 30","Low Salary",0
1132,39,Male,"Research & Development","Laboratory Technician",Non-Travel,"Life Sciences",6782,5,0,3,2,3,2,No,30-40,"Medium Salary",0
1133,36,Male,"Research & Development","Manufacturing Director",Non-Travel,"Life Sciences",7779,11,0,9,4,1,3,No,30-40,"Medium Salary",0
1135,31,Male,Sales,"Sales Representative",Travel_Frequently,"Life Sciences",2791,2,2,2,4,3,3,No,30-40,"Low Salary",0
1136,28,Male,"Research & Development","Research Scientist",Travel_Rarely,"Life Sciences",3201,5,0,4,2,1,1,No,"Under 30","Low Salary",0
1137,35,Male,Sales,"Sales Executive",Travel_Frequently,Marketing,4968,5,0,2,4,4,3,No,30-40,"Low Salary",0
1138,49,Male,Sales,"Sales Executive",Travel_Rarely,"Technical Degree",13120,9,2,3,2,4,3,No,40+,"High Salary",0
1140,34,Male,"Research & Development","Manufacturing Director",Travel_Frequently,"Life Sciences",4033,3,0,2,3,4,2,No,30-40,"Low Salary",0
1143,29,Female,"Research & Development","Research Scientist",Travel_Frequently,"Life Sciences",3291,7,1,1,2,4,2,No,"Under 30","Low Salary",0
1148,42,Male,"Research & Development","Laboratory Technician",Travel_Rarely,Medical,4272,1,0,0,4,2,3,No,40+,"Low Salary",0
1150,29,Male,"Research & Development","Manufacturing Director",Travel_Rarely,Medical,5056,10,1,2,4,2,2,No,"Under 30","Medium Salary",0
1152,38,Male,"Human Resources","Human Resources",Travel_Rarely,"Human Resources",2844,7,5,0,3,3,4,No,30-40,"Low Salary",0
1154,28,Male,"Research & Development","Research Scientist",Travel_Frequently,"Life Sciences",2703,3,0,2,3,3,3,No,"Under 30","Low Salary",0
1156,18,Male,"Research & Development","Laboratory Technician",Non-Travel,Medical,1904,0,0,0,3,3,3,Yes,"Under 30","Low Salary",1
1157,33,Female,Sales,"Sales Executive",Travel_Rarely,Marketing,8224,5,0,3,1,1,3,Yes,30-40,"Medium Salary",1
1158,41,Male,"Research & Development","Laboratory Technician",Travel_Rarely,"Life Sciences",4766,1,0,0,4,2,3,No,40+,"Low Salary",0
1160,31,Male,"Research & Development","Laboratory Technician",Travel_Frequently,Medical,2610,2,2,2,3,3,2,Yes,30-40,"Low Salary",1
1161,37,Female,"Research & Development","Healthcare Representative",Travel_Rarely,Medical,5731,6,1,3,4,3,3,No,30-40,"Medium Salary",0
1162,27,Male,"Research & Development","Research Scientist",Travel_Rarely,"Life Sciences",2539,4,2,2,3,4,3,No,"Under 30","Low Salary",0
1163,34,Female,Sales,"Sales Executive",Travel_Rarely,"Life Sciences",5714,6,1,3,3,2,2,No,30-40,"Medium Salary",0
1164,35,Male,"Human Resources","Human Resources",Travel_Rarely,"Technical Degree",4323,5,1,4,3,3,1,No,30-40,"Low Salary",0
1165,29,Female,Sales,"Sales Executive",Travel_Rarely,"Life Sciences",7336,11,3,10,1,4,1,Yes,"Under 30","Medium Salary",1
1166,40,Female,"Research & Development","Research Director",Travel_Frequently,Medical,13499,18,2,13,3,2,2,No,30-40,"High Salary",0
1167,42,Male,Sales,"Sales Executive",Travel_Frequently,"Life Sciences",13758,21,13,14,1,3,2,Yes,40+,"High Salary",1
1171,42,Male,Sales,"Sales Executive",Travel_Rarely,Marketing,5155,6,1,5,1,2,4,No,40+,"Medium Salary",0
1172,35,Male,"Research & Development","Laboratory Technician",Travel_Rarely,Medical,2258,8,1,7,3,4,3,No,30-40,"Low Salary",0
1173,24,Male,"Research & Development","Laboratory Technician",Travel_Rarely,Medical,3597,4,1,2,2,4,3,No,"Under 30","Low Salary",0
1175,28,Female,"Research & Development","Laboratory Technician",Travel_Rarely,"Life Sciences",2515,1,0,0,4,3,2,Yes,"Under 30","Low Salary",1
1177,26,Male,"Research & Development","Laboratory Technician",Travel_Rarely,Medical,4420,8,0,7,4,1,3,No,"Under 30","Low Salary",0
1179,30,Male,Sales,"Sales Executive",Travel_Rarely,Marketing,6578,10,1,4,3,3,3,No,30-40,"Medium Salary",0
1180,40,Female,"Research & Development","Research Scientist",Travel_Frequently,Medical,4422,1,0,0,4,3,1,No,30-40,"Low Salary",0
1182,35,Male,"Research & Development","Manufacturing Director",Travel_Rarely,"Life Sciences",10274,7,6,4,2,3,4,No,30-40,"High Salary",0
1184,34,Male,"Research & Development","Healthcare Representative",Travel_Frequently,Medical,5343,13,4,9,1,4,3,No,30-40,"Medium Salary",0
1185,35,Male,"Research & Development","Laboratory Technician",Travel_Frequently,Other,2376,2,2,2,4,4,4,No,30-40,"Low Salary",0
1188,43,Female,Sales,"Sales Executive",Travel_Rarely,Marketing,5346,4,1,3,3,1,2,Yes,40+,"Medium Salary",1
1190,32,Female,Sales,"Sales Representative",Non-Travel,"Life Sciences",2827,1,0,0,1,3,3,No,30-40,"Low Salary",0
1191,56,Female,"Research & Development",Manager,Travel_Rarely,"Technical Degree",19943,5,4,2,1,4,3,No,40+,"High Salary",0
1192,29,Female,"Research & Development","Laboratory Technician",Travel_Rarely,Medical,3131,10,0,8,4,2,3,No,"Under 30","Low Salary",0
1193,19,Male,"Research & Development","Research Scientist",Travel_Rarely,"Life Sciences",2552,1,0,0,1,3,3,No,"Under 30","Low Salary",0
1195,45,Female,"Research & Development","Research Scientist",Travel_Rarely,Medical,4477,3,0,2,3,1,2,No,40+,"Low Salary",0
1196,37,Female,"Research & Development","Manufacturing Director",Travel_Rarely,"Life Sciences",6474,14,3,11,4,4,2,No,30-40,"Medium Salary",0
1198,20,Male,"Research & Development","Laboratory Technician",Travel_Rarely,"Life Sciences",3033,2,1,2,3,1,2,No,"Under 30","Low Salary",0
1200,44,Male,"Research & Development","Research Scientist",Travel_Rarely,"Life Sciences",2936,6,0,2,3,3,3,Yes,40+,"Low Salary",1
1201,53,Female,"Research & Development",Manager,Travel_Rarely,Medical,18606,7,4,7,3,4,3,No,40+,"High Salary",0
1202,29,Female,"Research & Development","Research Scientist",Travel_Rarely,"Life Sciences",2168,5,1,3,4,2,2,No,"Under 30","Low Salary",0
1203,22,Male,"Research & Development","Research Scientist",Travel_Frequently,"Life Sciences",2853,0,0,0,4,3,3,Yes,"Under 30","Low Salary",1
1204,46,Female,Sales,Manager,Travel_Rarely,Marketing,17048,26,15,9,1,3,3,No,40+,"High Salary",0
1206,44,Male,"Research & Development","Research Scientist",Non-Travel,"Life Sciences",2290,0,0,0,3,4,3,No,40+,"Low Salary",0
1207,33,Male,"Human Resources","Human Resources",Travel_Rarely,"Human Resources",3600,5,1,4,3,2,3,No,30-40,"Low Salary",0
1210,41,Male,"Research & Development","Research Scientist",Non-Travel,"Life Sciences",2107,1,0,0,1,1,1,Yes,40+,"Low Salary",1
1211,30,Male,Sales,"Sales Executive",Travel_Rarely,"Life Sciences",4115,4,0,3,1,3,3,No,30-40,"Low Salary",0
1212,40,Male,Sales,"Sales Executive",Travel_Frequently,Medical,4327,0,0,0,2,2,3,No,30-40,"Low Salary",0
1215,50,Female,"Research & Development",Manager,Travel_Frequently,Medical,17856,2,2,2,1,4,3,No,40+,"High Salary",0
1216,28,Male,"Research & Development","Laboratory Technician",Travel_Rarely,Medical,3196,6,3,3,1,4,3,No,"Under 30","Low Salary",0
1217,46,Male,"Research & Development","Research Director",Travel_Rarely,"Life Sciences",19081,4,0,3,2,4,3,No,40+,"High Salary",0
1218,35,Male,Sales,"Sales Executive",Travel_Rarely,"Life Sciences",8966,7,1,7,1,3,3,No,30-40,"Medium Salary",0
1219,24,Female,"Research & Development","Laboratory Technician",Travel_Rarely,"Life Sciences",2210,1,0,0,2,4,1,Yes,"Under 30","Low Salary",1
1220,33,Female,Sales,"Sales Executive",Travel_Frequently,Medical,4539,10,0,1,3,2,2,No,30-40,"Low Salary",0
1221,36,Male,"Research & Development","Laboratory Technician",Travel_Rarely,"Life Sciences",2741,7,1,7,3,3,3,No,30-40,"Low Salary",0
1224,30,Male,"Research & Development","Laboratory Technician",Travel_Rarely,"Life Sciences",3491,10,8,9,3,3,2,No,30-40,"Low Salary",0
1225,44,Male,"Research & Development","Research Scientist",Travel_Rarely,Other,4541,20,13,17,4,4,3,No,40+,"Low Salary",0
1226,20,Male,Sales,"Sales Representative",Travel_Rarely,Marketing,2678,2,2,2,4,3,3,No,"Under 30","Low Salary",0
1228,46,Male,"Research & Development","Manufacturing Director",Travel_Rarely,"Technical Degree",7379,6,1,4,4,4,2,No,40+,"Medium Salary",0
1231,42,Male,"Human Resources","Human Resources",Non-Travel,Medical,6272,4,0,3,1,4,4,No,40+,"Medium Salary",0
1233,60,Male,Sales,"Sales Executive",Travel_Rarely,Marketing,5220,11,1,9,4,2,3,No,40+,"Medium Salary",0
1234,32,Female,"Research & Development","Laboratory Technician",Travel_Frequently,Other,2743,2,2,2,2,3,3,No,30-40,"Low Salary",0
1235,32,Female,"Research & Development","Research Scientist",Travel_Frequently,"Life Sciences",4998,8,0,7,3,4,3,No,30-40,"Low Salary",0
1237,36,Female,"Research & Development","Manufacturing Director",Travel_Rarely,"Technical Degree",10252,7,7,7,1,3,3,No,30-40,"High Salary",0
1238,33,Male,"Research & Development","Research Scientist",Travel_Rarely,Medical,2781,14,4,10,4,1,3,No,30-40,"Low Salary",0
1239,40,Female,Sales,"Sales Executive",Travel_Rarely,"Technical Degree",6852,5,1,3,2,2,4,No,30-40,"Medium Salary",0
1240,25,Male,Sales,"Sales Executive",Travel_Rarely,"Life Sciences",4950,4,1,1,4,3,3,No,"Under 30","Low Salary",0
1241,30,Male,"Research & Development","Research Scientist",Travel_Rarely,Medical,3579,11,5,7,2,4,3,No,30-40,"Low Salary",0
1242,42,Female,"Research & Development","Research Director",Travel_Frequently,Medical,13191,1,0,0,1,1,3,No,40+,"High Salary",0
1243,35,Female,Sales,"Sales Executive",Non-Travel,Marketing,10377,13,4,12,4,3,2,No,30-40,"High Salary",0
1244,27,Male,"Research & Development","Research Scientist",Travel_Rarely,"Life Sciences",2235,9,6,8,1,1,2,No,"Under 30","Low Salary",0
1245,54,Female,"Research & Development","Manufacturing Director",Travel_Frequently,"Life Sciences",10502,5,1,4,3,4,1,No,40+,"High Salary",0
1246,44,Female,"Research & Development","Research Scientist",Travel_Rarely,"Life Sciences",2011,10,7,7,4,1,3,No,40+,"Low Salary",0
1248,19,Female,"Research & Development","Research Scientist",Non-Travel,Medical,1859,1,0,0,2,1,4,Yes,"Under 30","Low Salary",1
1249,29,Female,"Research & Development","Research Scientist",Travel_Rarely,"Life Sciences",3760,3,1,2,4,1,3,No,"Under 30","Low Salary",0
1250,54,Male,"Research & Development","Research Director",Travel_Rarely,"Life Sciences",17779,10,0,9,4,4,3,No,40+,"High Salary",0
1251,31,Male,"Research & Development","Healthcare Representative",Travel_Rarely,Medical,6833,6,0,1,1,3,2,No,30-40,"Medium Salary",0
1252,31,Female,"Research & Development","Healthcare Representative",Travel_Rarely,Medical,6812,10,1,8,1,3,3,No,30-40,"Medium Salary",0
1254,59,Female,Sales,"Sales Executive",Travel_Rarely,"Life Sciences",5171,6,0,5,4,3,3,No,40+,"Medium Salary",0
1255,43,Male,"Research & Development","Research Director",Travel_Rarely,"Life Sciences",19740,8,0,7,4,3,3,No,40+,"High Salary",0
1256,49,Male,"Research & Development",Manager,Travel_Rarely,Medical,18711,1,0,0,3,1,4,No,40+,"High Salary",0
1257,36,Male,"Research & Development","Research Scientist",Travel_Frequently,"Technical Degree",3692,11,0,7,2,3,2,No,30-40,"Low Salary",0
1258,48,Male,"Research & Development","Laboratory Technician",Travel_Rarely,"Technical Degree",2559,1,0,0,2,4,2,No,40+,"Low Salary",0
1259,27,Male,"Research & Development","Research Scientist",Travel_Rarely,"Life Sciences",2517,5,0,3,3,1,3,No,"Under 30","Low Salary",0
1260,29,Male,"Research & Development","Healthcare Representative",Travel_Rarely,"Life Sciences",6623,6,1,0,4,3,3,No,"Under 30","Medium Salary",0
1263,48,Male,"Research & Development","Research Director",Travel_Rarely,"Life Sciences",18265,1,0,0,4,4,4,No,40+,"High Salary",0
1264,29,Female,"Research & Development","Research Director",Travel_Rarely,"Life Sciences",16124,7,1,7,4,4,2,No,"Under 30","High Salary",0
1265,34,Female,"Research & Development","Research Scientist",Travel_Rarely,"Technical Degree",2585,1,0,0,3,3,2,No,30-40,"Low Salary",0
1267,44,Male,Sales,Manager,Travel_Rarely,Marketing,18213,22,3,10,2,2,3,No,40+,"High Salary",0
1268,33,Male,Sales,"Sales Executive",Travel_Rarely,Marketing,8380,9,0,8,3,4,3,No,30-40,"Medium Salary",0
1269,19,Female,"Research & Development","Research Scientist",Travel_Rarely,"Life Sciences",2994,1,0,1,4,2,3,No,"Under 30","Low Salary",0
1270,23,Male,"Research & Development","Research Scientist",Travel_Rarely,"Life Sciences",1223,1,0,1,3,4,3,No,"Under 30","Low Salary",0
1273,25,Male,Sales,"Sales Representative",Travel_Frequently,"Life Sciences",1118,1,1,0,4,3,3,Yes,"Under 30","Low Salary",1
1275,26,Male,"Research & Development","Research Scientist",Travel_Rarely,"Life Sciences",2875,8,2,2,4,3,2,No,"Under 30","Low Salary",0
1277,45,Female,Sales,Manager,Travel_Rarely,Marketing,18824,24,1,11,2,1,3,Yes,40+,"High Salary",1
1278,55,Male,"Research & Development","Healthcare Representative",Non-Travel,Medical,13577,33,15,0,2,4,3,No,40+,"High Salary",0
1279,21,Female,"Research & Development","Laboratory Technician",Travel_Frequently,"Life Sciences",2625,2,2,2,3,1,1,Yes,"Under 30","Low Salary",1
1280,46,Female,Sales,Manager,Travel_Rarely,Marketing,18789,11,0,8,2,4,3,No,40+,"High Salary",0
1281,34,Female,Sales,"Sales Executive",Travel_Rarely,Marketing,4538,3,0,2,1,3,3,No,30-40,"Low Salary",0
1282,51,Male,Sales,Manager,Travel_Frequently,"Life Sciences",19847,29,11,10,2,4,2,No,40+,"High Salary",0
1283,59,Male,"Research & Development","Manufacturing Director",Travel_Rarely,Medical,10512,9,5,4,4,4,2,No,40+,"High Salary",0
1285,34,Female,"Research & Development","Laboratory Technician",Travel_Frequently,Medical,4444,11,5,10,2,3,4,No,30-40,"Low Salary",0
1286,28,Male,"Research & Development","Laboratory Technician",Travel_Frequently,Medical,2154,4,0,2,3,4,2,No,"Under 30","Low Salary",0
1288,44,Male,"Research & Development",Manager,Travel_Rarely,"Life Sciences",19190,25,14,13,1,3,2,No,40+,"High Salary",0
1289,34,Male,"Human Resources","Human Resources",Travel_Frequently,"Life Sciences",4490,10,1,8,2,3,4,No,30-40,"Low Salary",0
1291,35,Male,"Research & Development","Research Scientist",Travel_Rarely,"Life Sciences",3506,3,2,2,3,3,3,No,30-40,"Low Salary",0
1292,42,Female,"Research & Development","Research Scientist",Travel_Rarely,Medical,2372,1,0,0,2,2,3,No,40+,"Low Salary",0
1293,43,Female,Sales,"Sales Executive",Travel_Rarely,Marketing,10231,21,15,17,4,4,4,No,40+,"High Salary",0
1294,36,Female,"Research & Development","Manufacturing Director",Travel_Rarely,"Life Sciences",5410,16,5,12,2,3,3,No,30-40,"Medium Salary",0
1295,44,Female,"Research & Development","Healthcare Representative",Travel_Rarely,Medical,7978,10,0,5,4,1,3,Yes,40+,"Medium Salary",1
1296,28,Male,"Research & Development","Laboratory Technician",Travel_Frequently,"Life Sciences",3867,2,2,2,4,4,3,No,"Under 30","Low Salary",0
1297,51,Female,"Research & Development","Laboratory Technician",Travel_Frequently,Medical,2838,7,7,7,3,2,2,No,40+,"Low Salary",0
1298,30,Female,"Research & Development","Manufacturing Director",Non-Travel,Medical,4695,8,1,7,3,3,3,No,30-40,"Low Salary",0
1299,29,Female,"Research & Development","Laboratory Technician",Travel_Rarely,"Technical Degree",3339,7,7,7,3,2,3,Yes,"Under 30","Low Salary",1
1301,28,Male,"Research & Development","Research Scientist",Travel_Rarely,"Technical Degree",2080,3,1,2,1,4,2,No,"Under 30","Low Salary",0
1303,25,Female,"Research & Development","Research Scientist",Travel_Rarely,Medical,2096,2,2,1,2,4,2,No,"Under 30","Low Salary",0
1304,32,Male,Sales,"Sales Executive",Travel_Rarely,Medical,6209,10,0,8,4,3,4,No,30-40,"Medium Salary",0
1306,45,Female,"Research & Development",Manager,Travel_Frequently,Medical,18061,0,0,0,2,2,3,No,40+,"High Salary",0
1307,39,Female,"Research & Development",Manager,Travel_Rarely,Medical,17123,19,15,2,2,3,3,No,30-40,"High Salary",0
1308,58,Male,"Research & Development","Research Scientist",Travel_Rarely,"Life Sciences",2372,2,2,2,3,1,3,No,40+,"Low Salary",0
1309,32,Male,"Research & Development","Laboratory Technician",Travel_Rarely,"Life Sciences",4883,10,1,1,3,4,3,Yes,30-40,"Low Salary",1
1310,39,Male,"Research & Development","Research Scientist",Travel_Rarely,Medical,3904,5,0,3,1,3,3,Yes,30-40,"Low Salary",1
1311,30,Female,"Research & Development","Laboratory Technician",Travel_Rarely,"Technical Degree",4627,9,6,7,4,1,3,No,30-40,"Low Salary",0
1312,36,Female,"Research & Development","Healthcare Representative",Travel_Rarely,"Technical Degree",7094,7,1,7,3,4,3,No,30-40,"Medium Salary",0
1314,46,Female,"Human Resources","Human Resources",Travel_Rarely,"Life Sciences",3423,7,5,7,1,4,4,No,40+,"Low Salary",0
1315,28,Female,"Research & Development","Laboratory Technician",Non-Travel,"Life Sciences",6674,9,7,5,4,3,3,No,"Under 30","Medium Salary",0
1317,50,Female,"Research & Development","Research Director",Travel_Rarely,"Life Sciences",16880,3,1,2,1,4,3,No,40+,"High Salary",0
1318,40,Male,Sales,"Sales Executive",Travel_Rarely,Marketing,9094,5,1,0,2,4,3,Yes,30-40,"Medium Salary",1
1319,52,Male,Sales,"Sales Executive",Travel_Rarely,"Life Sciences",8446,8,7,7,2,2,2,Yes,40+,"Medium Salary",1
1321,30,Female,"Research & Development",Manager,Travel_Rarely,Medical,11916,9,0,8,1,2,3,No,30-40,"High Salary",0
1322,39,Male,"Research & Development","Manufacturing Director",Travel_Rarely,"Life Sciences",4534,8,1,7,3,1,3,No,30-40,"Low Salary",0
1324,31,Female,Sales,"Sales Executive",Non-Travel,"Life Sciences",9852,10,9,6,3,4,2,No,30-40,"Medium Salary",0
1329,41,Male,Sales,"Sales Executive",Non-Travel,Medical,6151,19,11,9,2,3,3,No,40+,"Medium Salary",0
1331,31,Female,Sales,"Sales Representative",Travel_Frequently,"Life Sciences",2302,3,2,2,2,4,4,Yes,30-40,"Low Salary",1
1333,44,Male,"Research & Development","Laboratory Technician",Travel_Rarely,"Life Sciences",2362,3,1,2,1,1,4,Yes,40+,"Low Salary",1
1334,42,Male,"Research & Development",Manager,Non-Travel,"Life Sciences",17861,20,2,10,3,3,2,No,40+,"High Salary",0
1336,55,Female,"Research & Development",Manager,Travel_Rarely,Medical,19187,19,9,11,3,4,3,No,40+,"High Salary",0
1338,56,Male,"Human Resources",Manager,Travel_Rarely,"Life Sciences",19717,7,7,7,2,4,3,No,40+,"High Salary",0
1340,40,Male,"Research & Development","Research Scientist",Non-Travel,"Life Sciences",3544,4,0,0,3,3,3,No,30-40,"Low Salary",0
1344,34,Male,"Research & Development","Healthcare Representative",Travel_Rarely,"Life Sciences",8500,9,1,6,4,4,2,No,30-40,"Medium Salary",0
1346,40,Male,"Research & Development","Research Scientist",Travel_Rarely,"Life Sciences",4661,9,8,8,4,3,3,No,30-40,"Low Salary",0
1349,41,Female,Sales,"Sales Executive",Travel_Frequently,Marketing,4103,9,1,7,1,3,3,No,40+,"Low Salary",0
1350,35,Male,"Research & Development","Research Scientist",Travel_Frequently,"Life Sciences",4249,9,1,1,3,3,3,No,30-40,"Low Salary",0
1352,51,Male,"Human Resources",Manager,Travel_Rarely,"Life Sciences",14026,33,0,10,2,3,3,No,40+,"High Salary",0
1355,38,Female,Sales,"Sales Executive",Travel_Rarely,"Life Sciences",6893,7,1,7,1,2,3,No,30-40,"Medium Salary",0
1356,34,Female,Sales,"Sales Executive",Travel_Rarely,Medical,6125,10,9,6,1,3,4,No,30-40,"Medium Salary",0
1358,25,Male,"Research & Development","Laboratory Technician",Travel_Rarely,Medical,3669,3,1,2,4,4,2,No,"Under 30","Low Salary",0
1360,58,Female,"Research & Development","Manufacturing Director",Travel_Rarely,Medical,10008,10,5,9,1,3,2,Yes,40+,"High Salary",1
1361,40,Male,"Research & Development","Laboratory Technician",Travel_Rarely,"Life Sciences",2387,4,0,3,2,2,3,No,30-40,"Low Salary",0
1362,36,Female,Sales,"Sales Executive",Travel_Frequently,Marketing,4639,15,6,13,1,1,2,No,30-40,"Low Salary",0
1363,48,Male,"Research & Development","Manufacturing Director",Travel_Rarely,"Life Sciences",7898,10,0,8,4,4,3,No,40+,"Medium Salary",0
1364,27,Female,Sales,"Sales Representative",Travel_Rarely,Medical,2534,1,0,0,4,3,3,No,"Under 30","Low Salary",0
1367,51,Female,"Research & Development","Manufacturing Director",Travel_Rarely,"Technical Degree",13142,5,0,3,2,4,2,No,40+,"High Salary",0
1368,18,Female,"Research & Development","Laboratory Technician",Non-Travel,"Life Sciences",1611,0,0,0,4,4,4,No,"Under 30","Low Salary",0
1369,35,Female,"Research & Development","Laboratory Technician",Travel_Rarely,Medical,5363,9,0,0,4,4,3,No,30-40,"Medium Salary",0
1371,27,Male,Sales,"Sales Executive",Travel_Frequently,"Life Sciences",5071,6,0,0,4,4,3,No,"Under 30","Medium Salary",0
1372,55,Male,Sales,"Sales Executive",Travel_Rarely,Marketing,13695,19,3,8,3,1,2,Yes,40+,"High Salary",1
1373,56,Male,"Research & Development","Manufacturing Director",Travel_Rarely,"Life Sciences",13402,19,15,9,2,4,3,No,40+,"High Salary",0
1374,34,Female,"Research & Development","Research Scientist",Non-Travel,"Technical Degree",2029,5,0,0,3,1,3,No,30-40,"Low Salary",0
1375,40,Female,"Research & Development","Healthcare Representative",Travel_Rarely,Medical,6377,12,11,8,3,2,3,No,30-40,"Medium Salary",0
1377,34,Male,"Research & Development","Laboratory Technician",Travel_Rarely,Medical,5429,8,7,7,3,2,3,No,30-40,"Medium Salary",0
1379,31,Female,Sales,"Sales Representative",Travel_Frequently,"Life Sciences",2785,1,0,0,4,3,4,Yes,30-40,"Low Salary",1
1380,35,Female,Sales,"Sales Executive",Travel_Frequently,Marketing,4614,4,3,2,3,4,2,Yes,30-40,"Low Salary",1
1382,38,Male,"Research & Development","Research Scientist",Travel_Frequently,"Life Sciences",2610,4,0,3,3,4,3,No,30-40,"Low Salary",0
1383,34,Female,"Research & Development","Healthcare Representative",Travel_Rarely,"Technical Degree",6687,14,4,11,4,3,4,No,30-40,"Medium Salary",0
1387,28,Male,Sales,"Sales Executive",Travel_Rarely,"Life Sciences",4724,5,0,4,1,3,3,No,"Under 30","Low Salary",0
1389,31,Male,"Research & Development","Manufacturing Director",Travel_Rarely,Medical,6179,10,6,7,3,4,2,Yes,30-40,"Medium Salary",1
1390,39,Male,Sales,"Sales Executive",Travel_Rarely,"Life Sciences",6120,5,1,4,4,1,4,No,30-40,"Medium Salary",0
1391,51,Male,Sales,"Sales Executive",Travel_Frequently,Marketing,10596,4,3,2,2,2,3,No,40+,"High Salary",0
1392,41,Female,"Research & Development","Research Scientist",Travel_Frequently,"Life Sciences",5467,6,3,3,4,4,2,No,40+,"Medium Salary",0
1394,37,Male,"Research & Development","Research Scientist",Travel_Rarely,"Life Sciences",2996,6,1,3,3,3,3,No,30-40,"Low Salary",0
1395,33,Male,Sales,"Sales Executive",Travel_Frequently,"Life Sciences",9998,5,1,2,4,2,4,No,30-40,"Medium Salary",0
1396,32,Male,Sales,"Sales Executive",Travel_Rarely,Marketing,4078,3,1,2,2,3,2,No,30-40,"Low Salary",0
1397,39,Male,"Research & Development","Healthcare Representative",Non-Travel,"Life Sciences",10920,6,0,5,3,3,3,No,30-40,"High Salary",0
1399,25,Male,Sales,"Sales Executive",Travel_Rarely,"Life Sciences",6232,3,1,2,3,1,2,No,"Under 30","Medium Salary",0
1401,52,Female,"Research & Development","Manufacturing Director",Travel_Frequently,Medical,13247,5,0,2,3,4,2,No,40+,"High Salary",0
1402,43,Female,"Research & Development","Research Scientist",Travel_Rarely,Medical,4081,20,1,8,3,1,1,No,40+,"Low Salary",0
1403,27,Female,Sales,"Sales Executive",Travel_Rarely,Marketing,5769,6,4,4,4,4,3,No,"Under 30","Medium Salary",0
1405,27,Female,"Research & Development","Research Scientist",Travel_Rarely,"Life Sciences",2394,8,7,7,3,4,3,Yes,"Under 30","Low Salary",1
1407,26,Male,"Research & Development","Research Scientist",Travel_Rarely,Medical,3904,4,1,1,4,1,3,No,"Under 30","Low Salary",0
1408,42,Female,"Human Resources",Manager,Travel_Rarely,"Human Resources",16799,20,0,9,1,3,3,No,40+,"High Salary",0
